PRACTICE_CODE,BNF_DESCRIPTION,CHEMICAL_SUBSTANCE_BNF_DESCR,BNF_CHEMICAL_SUBSTANCE,YEAR_MONTH,ITEMS,QUANTITY,TOTAL_QUANTITY,NIC,ACTUAL_COST,OTC
E85003,Accrete D3 tablets,Colecalciferol,0906040G0,202109,1,60.0,60.0,2.95,2.7627,1.0
E85003,Cetraben lotion,Emollients,2122,202109,9,500.0,4500.0,50.76,47.43547,1.0
E85003,Balneum cream,Emollients,2122,202109,1,500.0,500.0,28.5,26.58313,1.0
E85003,Doublebase gel,Other emollient preparations,130201000,202109,1,1000.0,1000.0,11.66,10.88309,1.0
E85003,Viscotears 2mg/g liquid gel,Carbomer 940/980,1108010B0,202109,5,30.0,150.0,23.85,22.2975,1.0
E85003,Neutrogena T/Gel Therapeutic shampoo,Coal tar,1309000C0,202109,3,250.0,750.0,18.54,17.32216,1.0
E85003,Diclofenac diethylammonium 1.16% gel,Diclofenac diethyl,1003020AF,202109,12,100.0,1200.0,55.56,51.94774,1.0
E85003,Hylo-Tear 0.1% eye drops preservative free,Eye Products,2130,202109,5,20.0,100.0,85.0,79.30803,1.0
E85003,Diclofenac diethylammonium 1.16% gel,Diclofenac diethyl,1003020AF,202109,3,200.0,600.0,27.78,25.93667,1.0
E85003,Loratadine 10mg tablets,Loratadine,0304010D0,202109,6,30.0,180.0,6.6,6.22762,1.0
E85003,Gaviscon Advance oral susp peppermint (Reckitt Benckiser),Alginic acid compound preparations,0101021B0,202109,7,500.0,3500.0,35.84,33.50066,1.0
E85003,"InVita D3 25,000units/1ml oral solution",Colecalciferol,0906040G0,202109,3,12.0,36.0,53.4,49.82235,1.0
E85003,Opticrom Allergy 2% eye drops,Sodium cromoglicate,1104020T0,202109,6,20.0,120.0,40.2,37.55311,1.0
E85003,Optive Plus 0.5% eye drops,Eye Products,2130,202109,1,10.0,10.0,7.49,6.99537,1.0
E85003,Viscotears 2mg/g liquid gel,Carbomer 940/980,1108010B0,202109,7,20.0,140.0,22.26,20.83994,1.0
E85003,Thealoz Duo eye drops preservative free,Eye Products,2130,202109,7,10.0,70.0,62.93,58.75683,1.0
E85003,Co-codamol 8mg/500mg effervescent tablets,Co-codamol (Codeine phosphate/paracetamol),0407010F0,202109,1,32.0,32.0,3.05,2.85593,1.0
E85003,E45 cream,Other emollient preparations,130201000,202109,5,500.0,2500.0,39.15,36.66179,1.0
E85003,Fybogel Hi-Fibre Orange 3.5g effervescent granules sachets,Ispaghula husk,0106010E0,202109,1,30.0,30.0,4.85,4.53409,1.0
E85003,"SunVit-D3 2,000unit tablets",Colecalciferol,0906040G0,202109,1,84.0,84.0,12.57,11.73149,1.0
E85003,Epiduo 0.1%/2.5% gel,Adapalene and benzoyl peroxide,1306010Z0,202109,3,45.0,135.0,58.59,54.66102,1.0
E85003,Paracetamol 500mg tablets,Paracetamol,0407010H0,202109,75,100.0,7500.0,220.5,206.50353,1.0
E85003,Chlorphenamine 4mg tablets,Chlorphenamine maleate,0304010G0,202109,1,84.0,84.0,9.21,8.59894,1.0
E85003,Docusate 100mg capsules,Docusate sodium,0106020I0,202109,2,90.0,180.0,12.54,11.71592,1.0
E85003,Hydrocortisone 1% cream,Hydrocortisone,1304000V0,202109,7,30.0,210.0,21.84,20.44837,1.0
E85003,Celluvisc 0.5% eye drops 0.4ml unit dose,Carmellose sodium,1108010D0,202109,1,180.0,180.0,28.8,26.86282,1.0
E85003,"OsteoCaps D3 20,000unit capsules",Colecalciferol,0906040G0,202109,78,1.0,78.0,10.14,18.22079,1.0
E85003,Iglu Rapid Relief oromucosal gel,Lidocaine hydrochloride,1203010Q0,202109,1,16.0,16.0,7.44,6.94876,1.0
E85003,QV Intensive ointment,Emollients,2122,202109,1,450.0,450.0,5.75,5.37316,1.0
E85003,Corsodyl Mint 0.2% mouthwash,Chlorhexidine gluconate,1203040E0,202109,1,600.0,600.0,5.98,5.5875900000000005,1.0
E85003,Diprobase ointment,Other emollient preparations,130201000,202109,1,500.0,500.0,5.99,5.59691,1.0
E85003,Paracetamol 500mg tablets,Paracetamol,0407010H0,202109,1,112.0,112.0,3.29,3.17969,1.0
E85003,Docusate 100mg capsules,Docusate sodium,0106020I0,202109,1,60.0,60.0,4.18,3.90944,1.0
E85003,Ketoconazole 2% shampoo,Ketoconazole,1309000I0,202109,2,240.0,480.0,27.52,25.68187,1.0
E85003,Zinc sulfate monohydrate 125mg effervescent tab sugar free,Zinc sulfate monohydrate,0905041R0,202109,1,270.0,270.0,51.6,48.1194,1.0
E85003,White soft paraffin 50% / Liquid paraffin 50% ointment,Other emollient preparations,130201000,202109,3,500.0,1500.0,13.71,12.81912,1.0
E85003,"Colecalciferol 40,000unit capsules",Colecalciferol,0906040G0,202109,18,7.0,126.0,189.0,178.22908,1.0
E85003,"OsteoCaps D3 1,000unit capsules",Colecalciferol,0906040G0,202109,1,56.0,56.0,2.16,2.12618,1.0
E85003,Ispaghula husk 3.5g efferv gran sach gluten free sugar free,Ispaghula husk,0106010E0,202109,1,60.0,60.0,6.48,6.05374,1.0
E85003,Docusate 100mg capsules,Docusate sodium,0106020I0,202109,52,14.0,728.0,50.96,53.35513,1.0
E85003,Flexitol 25% Urea Heel Balm,Emollients,2122,202109,1,40.0,40.0,2.75,2.5762400000000003,1.0
E85003,Chlorhexidine 1% dental gel sugar free,Chlorhexidine gluconate,1203040E0,202109,1,100.0,100.0,4.46,4.17049,1.0
E85003,Alphosyl 2 in 1 shampoo,Coal tar,1309000C0,202109,3,250.0,750.0,17.43,16.2873,1.0
E85003,Accrete D3 tablets,Colecalciferol,0906040G0,202109,6,180.0,1080.0,53.1,49.57986,1.0
E85003,Folic acid 400microgram tablets,Folic acid,0901020G0,202109,20,7.0,140.0,5.4,7.28245,1.0
E85003,Olive oil ear drops (Sai-Meds Ltd),Other Appliances,2101,202109,2,10.0,20.0,2.7,2.54203,1.0
E85003,Oilatum Junior cream,Other emollient preparations,130201000,202109,1,500.0,500.0,5.28,4.93498,1.0
E85003,Terbinafine 1% cream,Terbinafine hydrochloride,131002030,202109,1,60.0,60.0,7.0,6.53854,1.0
E85003,Diprobase cream,Emollients,2122,202109,2,500.0,1000.0,12.64,11.80915,1.0
E85003,Cyanocobalamin 50microgram tablets,Cyanocobalamin,0901020D0,202109,1,84.0,84.0,27.92,26.14239,1.0
E85003,Hydrocortisone 0.1% cream,Hydrocortisone,1304000V0,202109,1,15.0,15.0,2.83,2.65083,1.0
E85003,Docusate 100mg capsules,Docusate sodium,0106020I0,202109,1,56.0,56.0,3.9,3.74839,1.0
E85003,Senna 15mg tablets,Senna,0106020M0,202109,1,48.0,48.0,5.69,5.31722,1.0
E85003,Ibuprofen 200mg tablets,Ibuprofen,1001010J0,202109,1,24.0,24.0,1.17,1.1032,1.0
E85003,E45 cream,Other emollient preparations,130201000,202109,1,1000.0,1000.0,11.98,11.18143,1.0
E85003,Optive 0.5% eye drops,Eye Products,2130,202109,3,20.0,60.0,44.94,41.93504,1.0
E85003,"OsteoCaps D3 20,000unit capsules",Colecalciferol,0906040G0,202109,27,3.0,81.0,10.8,13.10371,1.0
E85003,Terbinafine 1% cream,Terbinafine hydrochloride,131002030,202109,3,30.0,90.0,10.5,9.82642,1.0
E85003,Hylo Night eye ointment preservative free,Eye Products,2130,202109,5,5.0,25.0,13.75,12.88121,1.0
E85003,Cetirizine 10mg tablets,Cetirizine hydrochloride,0304010I0,202109,14,60.0,840.0,30.8,28.88863,1.0
E85003,Loratadine 5mg/5ml oral solution,Loratadine,0304010D0,202109,1,100.0,100.0,6.65,6.21224,1.0
E85003,Miconazole 20mg/g oromucosal gel sugar free,Miconazole,1203020H0,202109,3,15.0,45.0,12.03,11.25284,1.0
E85003,Xailin Night eye ointment preservative free,Eye Products,2130,202109,4,10.0,40.0,20.8,19.44157,1.0
E85003,"Pro D3 2,000units/ml liquid",Colecalciferol,0906040G0,202109,1,50.0,50.0,16.8,15.67515,1.0
E85003,Gaviscon Advance Mint chewable tablets (Reckitt Benckiser),Alginic acid compound preparations,0101021B0,202109,1,48.0,48.0,2.46,2.40587,1.0
E85003,Promethazine hydrochloride 25mg tablets,Promethazine hydrochloride,0304010W0,202109,8,28.0,224.0,23.28,22.60329,1.0
E85003,Forceval capsules,Other multivitamin preparations,090607000,202109,1,28.0,28.0,9.26,8.74556,1.0
E85003,Celluvisc 0.5% eye drops 0.4ml unit dose,Carmellose sodium,1108010D0,202109,3,30.0,90.0,14.4,13.46241,1.0
E85003,Fybogel Hi-Fibre Orange 3.5g effervescent granules sachets,Ispaghula husk,0106010E0,202109,1,90.0,90.0,14.55,13.57746,1.0
E85003,Senna 7.5mg tablets,Senna,0106020M0,202109,1,100.0,100.0,5.32,5.07227,1.0
E85003,Migraleve tablets,Analgesics with anti-emetics,0407041A0,202109,1,48.0,48.0,3.64,3.41839,1.0
E85003,Benzalkonium chloride 0.5% shampoo,Benzalkonium chloride,1309000L0,202109,1,250.0,250.0,5.69,5.31722,1.0
E85003,Acrivastine 8mg capsules,Acrivastine,0304010A0,202109,1,144.0,144.0,38.4,35.81296,1.0
E85003,Bisacodyl 5mg gastro-resistant tablets,Bisacodyl,0106020C0,202109,6,60.0,360.0,17.22,16.12871,1.0
E85003,Clinitas Multi 0.2% eye drops preservative free,Eye Products,2130,202109,1,40.0,40.0,23.96,22.35046,1.0
E85003,"Fultium-D3 20,000unit capsules",Colecalciferol,0906040G0,202109,5,1.0,5.0,5.7,5.87615,1.0
E85003,Hydrocortisone 2.5mg muco-adhesive buccal tablets sugar free,Hydrocortisone (Sodium succinate),1203010M0,202109,1,20.0,20.0,9.04,8.44045,1.0
E85003,Sodium bicarbonate 5% ear drops,Other Appliances,2101,202109,4,10.0,40.0,4.92,4.63655,1.0
E85003,Dermol cream,Other emollient preparations,130201000,202109,1,1000.0,1000.0,13.26,12.37478,1.0
E85003,Beconase Aqueous 50micrograms/dose nasal spray,Beclometasone dipropionate,1202010C0,202109,1,1.0,1.0,2.63,2.46437,1.0
E85003,Cyclizine 50mg tablets,Cyclizine hydrochloride,0406000F0,202109,1,90.0,90.0,6.02,5.72488,1.0
E85003,Celluvisc 0.5% eye drops 0.4ml unit dose,Carmellose sodium,1108010D0,202109,1,120.0,120.0,19.2,17.91268,1.0
E85003,Aveeno cream,Other emollient preparations,130201000,202109,4,600.0,2400.0,68.52,63.93122,1.0
E85003,Thiamine 100mg tablets,Thiamine hydrochloride,0906026M0,202109,38,14.0,532.0,32.68,34.73897,1.0
E85003,Doublebase Dayleve gel,Other emollient preparations,130201000,202109,1,200.0,200.0,5.3,4.95362,1.0
E85003,Celluvisc 1% eye drops 0.4ml unit dose,Carmellose sodium,1108010D0,202109,1,30.0,30.0,3.0,2.80932,1.0
E85003,Cyanocobalamin 50microgram tablets,Cyanocobalamin,0901020D0,202109,1,50.0,50.0,16.62,15.50733,1.0
E85003,Mebendazole 100mg chewable tablets sugar free,Mebendazole,0505010D0,202109,1,2.0,2.0,0.45,0.5319400000000001,1.0
E85003,Ibuprofen 10% gel,Ibuprofen,1003020P0,202109,10,100.0,1000.0,57.9,54.10453,1.0
E85003,Eczmol 1% cream,Chlohexidine gluconate (Emollient),1302010Z0,202109,1,500.0,500.0,7.4,6.9114700000000004,1.0
E85003,Chlorphenamine 4mg tablets,Chlorphenamine maleate,0304010G0,202109,1,30.0,30.0,3.29,3.17969,1.0
E85003,Celluvisc 0.5% eye drops 0.4ml unit dose,Carmellose sodium,1108010D0,202109,3,90.0,270.0,44.33,41.36634,1.0
E85003,Ibuprofen 400mg tablets,Ibuprofen,1001010J0,202109,1,48.0,48.0,3.2800000000000002,3.07036,1.0
E85003,Ibuprofen 400mg tablets,Ibuprofen,1001010J0,202109,1,56.0,56.0,3.83,3.6831300000000002,1.0
E85003,Carmellose 0.5% eye drops 0.4ml unit dose preservative free,Carmellose sodium,1108010D0,202109,1,30.0,30.0,4.8,4.48747,1.0
E85003,Hydrocortisone 1% ointment,Hydrocortisone,1304000V0,202109,1,60.0,60.0,6.38,5.96051,1.0
E85003,Dermatonics Once Heel Balm,Emollients,2122,202109,3,75.0,225.0,10.8,10.10611,1.0
E85003,Fluticasone propionate 50micrograms/dose nasal spray,Fluticasone propionate (Nasal),1202010M0,202109,1,2.0,2.0,14.38,13.41896,1.0
E85003,Cyclizine 50mg tablets,Cyclizine hydrochloride,0406000F0,202109,8,15.0,120.0,8.0,8.35765,1.0
E85003,Opticrom Hayfever 2% eye drops,Sodium cromoglicate,1104020T0,202109,4,10.0,40.0,15.53,14.52832,1.0
E85003,Cetirizine 10mg tablets,Cetirizine hydrochloride,0304010I0,202109,1,28.0,28.0,1.03,1.07268,1.0
E85003,Thiamine 100mg tablets,Thiamine hydrochloride,0906026M0,202109,1,112.0,112.0,6.84,6.48937,1.0
E85003,"OsteoCaps D3 1,000unit capsules",Colecalciferol,0906040G0,202109,1,100.0,100.0,3.85,3.60178,1.0
E85003,Voltarol 1.16% Emulgel,Diclofenac diethyl,1003020AF,202109,26,100.0,2600.0,120.38,112.55343,1.0
E85003,"Fultium-D3 20,000unit capsules",Colecalciferol,0906040G0,202109,1,14.0,14.0,15.9,14.93607,1.0
E85003,Forceval capsules,Other multivitamin preparations,090607000,202109,1,30.0,30.0,9.92,9.26088,1.0
E85003,Normacol granules 7g sachets,Sterculia,0106010N0,202109,1,120.0,120.0,13.34,12.44937,1.0
E85003,Gaviscon Advance oral susp peppermint (Reckitt Benckiser),Alginic acid compound preparations,0101021B0,202109,4,300.0,1200.0,22.45,21.07988,1.0
E85003,"Hux D3 20,000unit capsules",Colecalciferol,0906040G0,202109,2,2.0,4.0,0.52,0.7096,1.0
E85003,Benzoyl peroxide 5% gel,Benzoyl peroxide,1306010C0,202109,2,30.0,60.0,10.88,10.16829,1.0
E85003,Anhydrol Forte 20% solution,Aluminium chloride,1312000C0,202109,1,120.0,120.0,5.02,4.69258,1.0
E85003,Peptac liquid peppermint,Alginic acid compound preparations,0101021B0,202109,9,500.0,4500.0,17.55,16.47357,1.0
E85003,Corsodyl 1% dental gel,Chlorhexidine gluconate,1203040E0,202109,1,150.0,150.0,6.69,6.24953,1.0
E85003,Co-codamol 8mg/500mg tablets,Co-codamol (Codeine phosphate/paracetamol),0407010F0,202109,2,32.0,64.0,3.24,3.24547,1.0
E85003,Dermol 500 lotion,Other emollient preparations,130201000,202109,1,1000.0,1000.0,12.08,11.27466,1.0
E85003,Thiamine 100mg tablets,Thiamine hydrochloride,0906026M0,202109,1,56.0,56.0,3.42,3.30089,1.0
E85003,Hydrocortisone 1% / Miconazole 2% cream,Hydrocortisone,1304000V0,202109,9,30.0,270.0,22.41,21.00458,1.0
E85003,Miconazole 2% cream,Miconazole nitrate,1310020N0,202109,3,30.0,90.0,5.46,5.12759,1.0
E85003,Cetomacrogol cream (Formula A),Cetomacrogol,1301010D0,202109,2,500.0,1000.0,6.72,6.2899,1.0
E85003,Celluvisc 0.5% eye drops 0.4ml unit dose,Carmellose sodium,1108010D0,202109,2,60.0,120.0,19.95,18.72431,1.0
E85003,Hypromellose 0.3% eye drops,Hypromellose,1108010F0,202109,2,30.0,60.0,6.3,5.89833,1.0
E85003,Paracetamol 500mg capsules,Paracetamol,0407010H0,202109,2,200.0,400.0,22.76,21.24409,1.0
E85003,Chlorphenamine 2mg/5ml oral solution,Chlorphenamine maleate,0304010G0,202109,2,150.0,300.0,5.5600000000000005,5.20842,1.0
E85003,Hydrocortisone 1% cream,Hydrocortisone,1304000V0,202109,1,15.0,15.0,1.56,1.4668,1.0
E85003,Docusate 100mg capsules,Docusate sodium,0106020I0,202109,2,30.0,60.0,4.18,3.92184,1.0
E85003,Centrum Advance 50+ tablets,Other compound vitamin/mineral formulation preparations,091000000,202109,1,90.0,90.0,9.57,8.93457,1.0
E85003,Carbomer 0.36% eye gel preservative free,Carbomer,1108030AA,202109,1,30.0,30.0,7.53,7.03267,1.0
E85003,Co-codamol 8mg/500mg effervescent tablets,Co-codamol (Codeine phosphate/paracetamol),0407010F0,202109,1,200.0,200.0,19.06,17.78216,1.0
E85003,Hydrocortisone 1% ointment,Hydrocortisone,1304000V0,202109,1,30.0,30.0,3.19,2.98646,1.0
E85003,Pyridoxine 50mg tablets,Pyridoxine hydrochloride,0906024N0,202109,1,5.0,5.0,3.77,3.62719,1.0
E85003,Mucogel oral suspension,Co-magaldrox (Magnesium/aluminium hydroxide),0101010G0,202109,1,1000.0,1000.0,5.98,5.5875900000000005,1.0
E85003,Zirtek Allergy 10mg tablets,Cetirizine hydrochloride,0304010I0,202109,1,42.0,42.0,11.37,10.712720000000001,1.0
E85003,Paracetamol 500mg capsules,Paracetamol,0407010H0,202109,3,100.0,300.0,17.07,15.95167,1.0
E85003,Urea hydrogen peroxide 5% ear drops,Urea hydrogen peroxide,1201030N0,202109,1,8.0,8.0,2.89,2.70677,1.0
E85003,Glycerol 4g suppositories,Glycerol,0106020L0,202109,1,100.0,100.0,15.0,14.09699,1.0
E85003,Promethazine hydrochloride 25mg tablets,Promethazine hydrochloride,0304010W0,202109,2,56.0,112.0,11.64,10.87684,1.0
E85003,Clinitas Multi 0.2% eye drops preservative free,Eye Products,2130,202109,1,30.0,30.0,17.97,16.76594,1.0
E85003,Abidec Multivitamin drops,Other multivitamin preparations,090607000,202109,1,50.0,50.0,7.74,7.22845,1.0
E85003,Co-codamol 8mg/500mg tablets,Co-codamol (Codeine phosphate/paracetamol),0407010F0,202109,2,64.0,128.0,6.48,6.26614,1.0
E85003,Corsodyl 0.2% mouthwash alcohol free,Chlorhexidine gluconate,1203040E0,202109,1,1200.0,1200.0,14.28,13.32573,1.0
E85003,Promethazine hydrochloride 10mg tablets,Promethazine hydrochloride,0304010W0,202109,1,28.0,28.0,1.98,1.95837,1.0
E85003,Terbinafine 1% cream,Terbinafine hydrochloride,131002030,202109,3,15.0,45.0,5.25,4.9318100000000005,1.0
E85003,Vitamin B compound strong tablets,Vitamin B compound,0906027G0,202109,4,28.0,112.0,6.0,5.64344,1.0
E85003,Hylo-Dual eye drops preservative free,Eye Products,2130,202109,1,10.0,10.0,9.95,9.28885,1.0
E85003,Carbomer '980' 0.2% eye drops,Carbomer 940/980,1108010B0,202109,2,10.0,20.0,5.6,5.24572,1.0
E85003,Mebendazole 100mg/5ml oral suspension,Mebendazole,0505010D0,202109,2,30.0,60.0,3.1,2.91495,1.0
E85003,Corsodyl Mint 0.2% mouthwash,Chlorhexidine gluconate,1203040E0,202109,1,300.0,300.0,2.99,2.8,1.0
E85003,Forceval capsules,Other multivitamin preparations,090607000,202109,5,90.0,450.0,146.82,136.9432,1.0
E85003,"OsteoCaps D3 20,000unit capsules",Colecalciferol,0906040G0,202109,10,2.0,20.0,2.7,3.64123,1.0
E85003,Loperamide 2mg capsules,Loperamide hydrochloride,0104020L0,202109,2,90.0,180.0,9.06,8.47149,1.0
E85003,Cetirizine 10mg tablets,Cetirizine hydrochloride,0304010I0,202109,12,7.0,84.0,3.12,4.2576,1.0
E85003,Peptac liquid peppermint,Alginic acid compound preparations,0101021B0,202109,1,1000.0,1000.0,3.9,3.64839,1.0
E85003,Thiamine 100mg tablets,Thiamine hydrochloride,0906026M0,202109,1,200.0,200.0,12.22,11.40518,1.0
E85003,Vitamins capsules,Vitamins caps,0906070T0,202109,32,7.0,224.0,3.52,6.87852,1.0
E85003,Emollin aerosol spray,Emollients,2122,202109,1,480.0,480.0,13.12,12.24426,1.0
E85003,Hydromol ointment,Emollients,2122,202109,4,500.0,2000.0,19.84,18.54656,1.0
E85003,Flexitol 25% Urea Heel Balm,Emollients,2122,202109,1,80.0,80.0,5.5,5.14008,1.0
E85003,Ibuprofen 5% gel,Ibuprofen,1003020P0,202109,16,50.0,800.0,24.32,22.87209,1.0
E85003,Hydrocortisone 1% ointment,Hydrocortisone,1304000V0,202109,1,50.0,50.0,5.3,4.95362,1.0
E85003,Cetirizine 10mg tablets,Cetirizine hydrochloride,0304010I0,202109,10,90.0,900.0,33.0,30.89011,1.0
E85003,"Stexerol-D3 25,000unit tablets",Colecalciferol,0906040G0,202109,2,3.0,6.0,8.5,8.1494,1.0
E85003,Paracetamol 500mg tablets,Paracetamol,0407010H0,202109,17,200.0,3400.0,99.96,93.40413,1.0
E85003,Oxyal 0.15% eye drops,Eye Products,2130,202109,1,10.0,10.0,4.15,3.88147,1.0
E85003,Vitamins A and D capsules BPC 1973,Vitamin A,0906011D0,202109,1,112.0,112.0,11.23,10.5822,1.0
E85003,Celluvisc 1% eye drops 0.4ml unit dose,Carmellose sodium,1108010D0,202109,1,60.0,60.0,6.0,5.60624,1.0
E85003,Loperamide 2mg capsules,Loperamide hydrochloride,0104020L0,202109,1,300.0,300.0,15.1,14.09022,1.0
E85003,"Hux D3 20,000unit capsules",Colecalciferol,0906040G0,202109,1,6.0,6.0,0.79,0.8489200000000001,1.0
E85003,"Stexerol-D3 25,000unit tablets",Colecalciferol,0906040G0,202109,1,2.0,2.0,2.83,2.75083,1.0
E85003,Sodium chloride 0.9% eye dps 0.5ml ud preservative free,Sodium chloride,1108010K0,202109,1,20.0,20.0,7.43,6.93944,1.0
E85003,Epaderm ointment,Emollients,2122,202109,1,1000.0,1000.0,13.16,12.28155,1.0
E85003,Glycerol 2g suppositories,Glycerol,0106020L0,202109,2,12.0,24.0,6.26,5.86104,1.0
E85003,Co-codamol 8mg/500mg capsules,Co-codamol (Codeine phosphate/paracetamol),0407010F0,202109,1,32.0,32.0,7.5600000000000005,7.06064,1.0
E85003,Coal tar extract 2% shampoo,Coal tar,1309000C0,202109,1,250.0,250.0,6.18,5.77405,1.0
E85003,Capasal Therapeutic shampoo,Coal tar,1309000C0,202109,2,250.0,500.0,9.38,8.76983,1.0
E85003,Benzoyl peroxide 5% gel,Benzoyl peroxide,1306010C0,202109,2,60.0,120.0,21.56,20.12532,1.0
E85003,Acidex Advance oral suspension peppermint,Alginic acid compound preparations,0101021B0,202109,1,300.0,300.0,2.3,2.2567,1.0
E85003,Blink Intensive Tears 0.2% eye drops,Eye Products,2130,202109,1,60.0,60.0,17.82,16.6261,1.0
E85003,Anusol ointment,Zinc oxide,0107010Z0,202109,3,25.0,75.0,7.35,6.88965,1.0
E85003,Carmellose 1% eye drops 0.4ml unit dose preservative free,Carmellose sodium,1108010D0,202109,1,30.0,30.0,3.0,2.80932,1.0
E85003,Fluticasone propionate 50micrograms/dose nasal spray,Fluticasone propionate (Nasal),1202010M0,202109,3,1.0,3.0,21.57,20.14705,1.0
E85003,Xailin Night eye ointment preservative free,Eye Products,2130,202109,20,5.0,100.0,52.0,48.72793,1.0
E85003,"OsteoCaps D3 1,000unit capsules",Colecalciferol,0906040G0,202109,16,7.0,112.0,4.32,5.82596,1.0
E85003,Epaderm cream,Emollients,2122,202109,5,500.0,2500.0,35.05,32.73933,1.0
E85003,"Fultium-D3 3,200unit capsules",Colecalciferol,0906040G0,202109,1,60.0,60.0,26.64,24.84904,1.0
E85003,Chlorphenamine 4mg tablets,Chlorphenamine maleate,0304010G0,202109,1,28.0,28.0,3.07,2.87458,1.0
E85003,"OsteoCaps D3 20,000unit capsules",Colecalciferol,0906040G0,202109,3,6.0,18.0,2.4,2.5747400000000003,1.0
E85003,Vitamin B compound strong tablets,Vitamin B compound,0906027G0,202109,24,7.0,168.0,9.12,11.20023,1.0
E85003,Voltarol 1.16% Emulgel,Diclofenac diethyl,1003020AF,202109,8,200.0,1600.0,74.08,69.16445,1.0
E85003,Paracetamol 500mg tablets,Paracetamol,0407010H0,202109,20,28.0,560.0,16.4,17.53782,1.0
E85003,Pyridoxine 50mg tablets,Pyridoxine hydrochloride,0906024N0,202109,1,300.0,300.0,226.39,211.17721,1.0
E85003,Vitamin B compound strong tablets,Vitamin B compound,0906027G0,202109,3,112.0,336.0,18.0,16.81871,1.0
E85003,Emollin aerosol spray,Emollients,2122,202109,1,240.0,240.0,6.5600000000000005,6.12833,1.0
E85003,Dioralyte oral powder sachets citrus,Oral rehydration salts,0902012H0,202109,1,24.0,24.0,9.0,8.40316,1.0
E85003,Cinnarizine 15mg tablets,Cinnarizine,0406000D0,202109,1,30.0,30.0,1.4,1.41763,1.0
E85003,Loratadine 10mg tablets,Loratadine,0304010D0,202109,5,90.0,450.0,16.5,15.44505,1.0
E85003,Promethazine hydrochloride 10mg tablets,Promethazine hydrochloride,0304010W0,202109,1,56.0,56.0,3.95,3.69501,1.0
E85003,Vitamins capsules,Vitamins caps,0906070T0,202109,3,28.0,84.0,1.29,1.5398800000000001,1.0
E85003,Chloramphenicol 0.5% eye drops,Chloramphenicol,1103010C0,202109,10,10.0,100.0,73.5,68.64851,1.0
E85003,Difflam Oral Rinse 0.15% solution,Benzydamine hydrochloride,1203010E0,202109,2,300.0,600.0,13.0,12.14478,1.0
E85003,Thiamine 100mg tablets,Thiamine hydrochloride,0906026M0,202109,6,28.0,168.0,10.26,10.23986,1.0
E85003,Gaviscon Infant oral powder sachets,Alginic acid compound preparations,0101021B0,202109,1,120.0,120.0,24.0,22.38775,1.0
E85003,Pyridoxine 50mg tablets,Pyridoxine hydrochloride,0906024N0,202109,4,1.0,4.0,3.0,3.24652,1.0
E85003,"SunVit-D3 5,000unit tablets",Colecalciferol,0906040G0,202109,1,84.0,84.0,15.72,14.66825,1.0
E85003,ZeroAQS emollient cream,Emollients,2122,202109,2,500.0,1000.0,6.58,6.15938,1.0
E85003,"SunVit-D3 2,000unit tablets",Colecalciferol,0906040G0,202109,8,7.0,56.0,8.4,8.73057,1.0
E85003,Centrum Advance tablets,Other compound vitamin/mineral formulation preparations,091000000,202109,1,30.0,30.0,3.13,2.93052,1.0
E85003,Gaviscon Peppermint chewable tablets,Alginic acid compound preparations,0101021B0,202109,1,16.0,16.0,1.45,1.46424,1.0
E85003,Balneum Plus cream,Urea,1302010U0,202109,5,500.0,2500.0,74.95,69.93835,1.0
E85003,Benzydamine 0.15% oromucosal spray sugar free,Benzydamine hydrochloride,1203010E0,202109,4,30.0,120.0,8.72,8.17931,1.0
E85003,Otex 5% ear drops,Urea hydrogen peroxide,1201030N0,202109,1,8.0,8.0,2.89,2.70677,1.0
E85003,Viscotears 2mg/g liquid gel,Carbomer 940/980,1108010B0,202109,4,10.0,40.0,6.36,5.97907,1.0
E85003,Flexitol 10% Urea cream,Emollients,2122,202109,3,500.0,1500.0,35.31,32.95693,1.0
E85003,Paracetamol 500mg tablets,Paracetamol,0407010H0,202109,1,224.0,224.0,6.58,6.14698,1.0
E85003,Carmellose 0.5% eye drops 0.4ml unit dose pf (Alissa),Eye Products,2130,202109,1,90.0,90.0,17.25,16.09468,1.0
E85003,Anusol HC ointment,Hydrocortisone,0107020J0,202109,1,30.0,30.0,2.49,2.33384,1.0
E85003,Accrete D3 tablets,Colecalciferol,0906040G0,202109,1,168.0,168.0,8.26,7.81325,1.0
E85003,AquaDerm Cetomacrogol cream (Formula A),Emollients,2122,202109,1,500.0,500.0,2.99,2.8,1.0
E85003,Epimax ointment,Emollients,2122,202109,9,500.0,4500.0,31.6,29.57248,1.0
E85003,Hylo-Care eye drops preservative free,Eye Products,2130,202109,2,30.0,60.0,61.8,57.64133,1.0
E85003,Eumovate 0.05% ointment,Clobetasone butyrate,1304000H0,202109,1,30.0,30.0,1.8599999999999999,1.74649,1.0
E85003,Thiamine 100mg tablets,Thiamine hydrochloride,0906026M0,202109,24,7.0,168.0,10.32,12.319,1.0
E85003,Fultium-D3 800unit capsules,Colecalciferol,0906040G0,202109,5,7.0,35.0,4.2,4.47769,1.0
E85003,Gaviscon Advance oral susp peppermint (Reckitt Benckiser),Alginic acid compound preparations,0101021B0,202109,1,1000.0,1000.0,10.24,9.55922,1.0
E85003,ZeroAQS emollient cream,Emollients,2122,202109,1,1000.0,1000.0,6.58,6.14698,1.0
E85003,Dermol cream,Other emollient preparations,130201000,202109,6,500.0,3000.0,39.78,37.16154,1.0
E85003,Hylo-Tear 0.1% eye drops preservative free,Eye Products,2130,202109,11,10.0,110.0,93.5,87.30703,1.0
E85003,Loperamide 2mg capsules,Loperamide hydrochloride,0104020L0,202109,1,240.0,240.0,12.08,11.27466,1.0
E85003,Carbomer '980' 0.2% eye dps 0.6ml ud preservative free,Carbomer 940/980,1108010B0,202109,1,90.0,90.0,16.26,15.1717,1.0
E85003,Epimax oatmeal cream,Emollients,2122,202109,6,500.0,3000.0,24.9,23.28883,1.0
E85003,Docusate 100mg capsules,Docusate sodium,0106020I0,202109,4,28.0,112.0,7.8,7.72159,1.0
E85003,Co-codamol 8mg/500mg tablets,Co-codamol (Codeine phosphate/paracetamol),0407010F0,202109,8,112.0,896.0,45.41,43.23523,1.0
E85003,Carmellose 0.5% eye drops 0.4ml unit dose preservative free,Carmellose sodium,1108010D0,202109,2,120.0,240.0,38.4,35.82536,1.0
E85003,Diclofenac 140mg medicated plasters,Diclofenac sodium,1003020U0,202109,1,10.0,10.0,29.95,27.93497,1.0
E85003,Ibuprofen 5% gel,Ibuprofen,1003020P0,202109,1,200.0,200.0,6.08,5.68082,1.0
E85003,Corsodyl Daily mouthwash cool mint,Chlorhexidine gluconate,1203040E0,202109,1,500.0,500.0,3.03,2.8372900000000003,1.0
E85003,Promethazine hydrochloride 25mg tablets,Promethazine hydrochloride,0304010W0,202109,10,14.0,140.0,14.6,14.73567,1.0
E85003,Senna 7.5mg tablets,Senna,0106020M0,202109,8,28.0,224.0,11.92,12.01229,1.0
E85003,Paracetamol 500mg tablets,Paracetamol,0407010H0,202109,1,42.0,42.0,1.23,1.25914,1.0
E85003,E45 cream,Other emollient preparations,130201000,202109,1,250.0,250.0,9.65,9.00916,1.0
E85003,Ocufresh 0.2% lubricating eye gel,Eye Products,2130,202109,2,10.0,20.0,5.6,5.24572,1.0
E85003,"Hux D3 20,000unit capsules",Colecalciferol,0906040G0,202109,5,3.0,15.0,1.9500000000000002,2.38,1.0
E85003,Diphenhydramine 50mg tablets,Diphenhydramine hydrochloride,0304010N0,202109,1,20.0,20.0,4.46,4.17049,1.0
E85003,Promethazine hydrochloride 25mg tablets,Promethazine hydrochloride,0304010W0,202109,1,7.0,7.0,0.73,0.79298,1.0
E85003,Paracetamol 500mg tablets,Paracetamol,0407010H0,202109,28,56.0,1568.0,46.2,46.21975,1.0
E85003,Epaderm cream,Emollients,2122,202109,1,1000.0,1000.0,14.02,13.08333,1.0
E85003,Beclometasone 50micrograms/dose nasal spray,Beclometasone dipropionate,1202010C0,202109,7,1.0,7.0,23.1,21.62307,1.0
E85003,"Hux D3 20,000unit capsules",Colecalciferol,0906040G0,202109,3,12.0,36.0,4.71,4.72836,1.0
E85003,Epimax oatmeal cream,Emollients,2122,202109,1,100.0,100.0,1.99,1.86769,1.0
E85003,Xailin HA 0.2% eye drops,Eye Products,2130,202109,1,20.0,20.0,14.88,13.88512,1.0
E85003,Senna 7.5mg tablets,Senna,0106020M0,202109,56,14.0,784.0,41.44,44.92917,1.0
E85003,Glycerol 4g suppositories,Glycerol,0106020L0,202109,1,36.0,36.0,5.4,5.04685,1.0
E85003,Normacol Plus granules 7g sachets,Sterculia,0106010N0,202109,1,60.0,60.0,7.12,6.65042,1.0
E85003,Xailin 0.2% eye gel,Eye Products,2130,202109,2,10.0,20.0,6.78,6.34584,1.0
E85003,Thiamine 50mg tablets,Thiamine hydrochloride,0906026M0,202109,1,84.0,84.0,3.58,3.45006,1.0
E85003,"Colecalciferol 20,000unit capsules",Colecalciferol,0906040G0,202109,1,12.0,12.0,13.63,12.81973,1.0
E85003,Fultium-D3 800unit capsules,Colecalciferol,0906040G0,202109,4,30.0,120.0,14.4,13.47481,1.0
E85003,Epimax isomol gel,Emollients,2122,202109,15,500.0,7500.0,43.8,41.02101,1.0
E85003,Voltarol 140mg medicated plasters,Diclofenac sodium,1003020U0,202109,1,15.0,15.0,34.17,31.8693,1.0
E85003,Co-codamol 8mg/500mg effervescent tablets,Co-codamol (Codeine phosphate/paracetamol),0407010F0,202109,1,64.0,64.0,6.1,5.69947,1.0
E85003,Accrete D3 tablets,Colecalciferol,0906040G0,202109,1,112.0,112.0,5.51,5.24941,1.0
E85003,Accrete D3 tablets,Colecalciferol,0906040G0,202109,12,7.0,84.0,4.08,5.15261,1.0
E85003,Blink Intensive Tears 0.2% eye drops,Eye Products,2130,202109,1,10.0,10.0,2.9699999999999998,2.78135,1.0
E85003,Accrete D3 tablets,Colecalciferol,0906040G0,202109,3,120.0,360.0,17.7,16.53902,1.0
E85003,Adapalene 0.1% / Benzoyl peroxide 2.5% gel,Adapalene and benzoyl peroxide,1306010Z0,202109,3,45.0,135.0,58.59,54.66102,1.0
E85003,Accrete D3 tablets,Colecalciferol,0906040G0,202109,48,14.0,672.0,33.12,36.27318,1.0
E85003,Cetraben cream,Emollients,2122,202109,3,1000.0,3000.0,35.94,33.53189,1.0
E85003,Senna 7.5mg/5ml oral solution sugar free,Senna,0106020M0,202109,1,450.0,450.0,6.29,5.97661,1.0
E85003,Simple linctus paediatric,Simple,0309020D0,202109,1,200.0,200.0,1.05,0.9913200000000001,1.0
E85003,Co-codamol 8mg/500mg tablets,Co-codamol (Codeine phosphate/paracetamol),0407010F0,202109,1,200.0,200.0,10.14,9.46599,1.0
E85003,Opticrom Allergy 2% eye drops,Sodium cromoglicate,1104020T0,202109,14,10.0,140.0,49.03,45.88458,1.0
E85003,Paracetamol 250mg/5ml oral suspension sugar free,Paracetamol,0407010H0,202109,1,200.0,200.0,2.66,2.49233,1.0
E85003,Paracetamol 500mg capsules,Paracetamol,0407010H0,202109,1,80.0,80.0,4.55,4.35439,1.0
E85003,"Hux D3 20,000unit capsules",Colecalciferol,0906040G0,202109,2,14.0,28.0,3.66,3.63704,1.0
E85003,"OsteoCaps D3 20,000unit capsules",Colecalciferol,0906040G0,202109,1,8.0,8.0,1.06,1.10064,1.0
E85003,Epimax ointment,Emollients,2122,202109,1,125.0,125.0,1.92,1.8024300000000002,1.0
E85003,Fybogel 3.5g effervescent granules sachets plain SF,Ispaghula husk,0106010E0,202109,1,120.0,120.0,12.96,12.09509,1.0
E85003,Hydromoor 0.3% eye drops 0.4ml unit dose preservative free,Eye Products,2130,202109,3,60.0,180.0,34.5,32.20177,1.0
E85003,Thealoz Duo UD eye drops 0.4ml unit dose preservative free,Eye Products,2130,202109,1,30.0,30.0,7.07,6.60381,1.0
E85003,Paracetamol 500mg soluble tablets,Paracetamol,0407010H0,202109,1,200.0,200.0,17.42,16.25317,1.0
E85003,Vitamin B compound strong tablets,Vitamin B compound,0906027G0,202109,4,168.0,672.0,36.0,33.61263,1.0
E85003,Paracetamol 500mg tablets,Paracetamol,0407010H0,202109,1,50.0,50.0,1.47,1.48289,1.0
E85003,Forceval capsules,Other multivitamin preparations,090607000,202109,17,7.0,119.0,39.32,38.56908,1.0
E85003,Chloramphenicol 0.5% eye drops,Chloramphenicol,1103010C0,202109,1,40.0,40.0,29.4,27.4222,1.0
E85003,VisuXL Gel eye drops preservative free,Eye Products,2130,202109,1,10.0,10.0,7.49,6.99537,1.0
E85003,"OsteoCaps D3 20,000unit capsules",Colecalciferol,0906040G0,202109,1,12.0,12.0,1.6,1.60409,1.0
E85003,Vitamin B compound strong tablets,Vitamin B compound,0906027G0,202109,4,56.0,224.0,12.0,11.23728,1.0
E85003,Ibuprofen 5% gel,Ibuprofen,1003020P0,202109,15,100.0,1500.0,45.6,42.69917,1.0
E85003,"InVita D3 25,000units/1ml oral solution",Colecalciferol,0906040G0,202109,8,3.0,24.0,35.6,33.2893,1.0
E85003,Ketoconazole 2% shampoo,Ketoconazole,1309000I0,202109,1,360.0,360.0,20.64,19.2552,1.0
E85003,Hyoscine hydrobromide 300microgram tablets,Hyoscine hydrobromide,0406000L0,202109,4,21.0,84.0,12.88,12.457699999999999,1.0
E85003,Thiamine 100mg tablets,Thiamine hydrochloride,0906026M0,202109,7,84.0,588.0,35.91,34.26592,1.0
E85003,Thiamine 50mg tablets,Thiamine hydrochloride,0906026M0,202109,3,28.0,84.0,3.5700000000000003,3.66553,1.0
E85003,Eumovate 0.05% cream,Clobetasone butyrate,1304000H0,202109,2,100.0,200.0,10.88,10.16829,1.0
E85003,Salactol paint,Salicylic acid,1307000M0,202109,1,10.0,10.0,1.71,1.60664,1.0
E85003,Clinitas Multi 0.2% eye drops preservative free,Eye Products,2130,202109,3,20.0,60.0,35.94,33.54429,1.0
E85003,AproDerm gel,Emollients,2122,202109,1,500.0,500.0,3.99,3.7323,1.0
E85003,Anusol HC suppositories,Hydrocortisone,0107020J0,202109,1,12.0,12.0,1.74,1.63461,1.0
E85003,Loratadine 5mg/5ml oral solution sugar free,Loratadine,0304010D0,202109,1,100.0,100.0,2.85,2.66947,1.0
E85003,Miconazole 20mg/g oromucosal gel sugar free,Miconazole,1203020H0,202109,1,30.0,30.0,8.02,7.4895,1.0
E85003,Loperamide 2mg capsules,Loperamide hydrochloride,0104020L0,202109,8,21.0,168.0,8.48,8.80516,1.0
E85003,Sunsense daily face cream SPF 50+,Other sunscreening preparations,130801000,202109,2,75.0,150.0,22.84,21.31867,1.0
E85003,Carmellose 1% eye drops 0.4ml unit dose preservative free,Carmellose sodium,1108010D0,202109,2,60.0,120.0,12.0,11.21248,1.0
E85003,Hyabak 0.15% eye drops preservative free,Eye Products,2130,202109,1,10.0,10.0,7.99,7.46153,1.0
E85003,Dermatonics Once Heel Balm,Emollients,2122,202109,1,200.0,200.0,8.5,7.937,1.0
E85003,Cetirizine 10mg tablets,Cetirizine hydrochloride,0304010I0,202109,21,30.0,630.0,23.1,21.79667,1.0
E85003,Senna 7.5mg tablets,Senna,0106020M0,202109,1,150.0,150.0,7.98,7.5522,1.0
E85003,"Fultium-D3 20,000unit capsules",Colecalciferol,0906040G0,202109,1,2.0,2.0,1.9300000000000002,1.91175,1.0
E85003,Epaderm cream,Emollients,2122,202109,2,300.0,600.0,14.32,13.37543,1.0
E85003,Hydromol Intensive 10% cream,Emollients,2122,202109,3,100.0,300.0,13.35,12.48349,1.0
E85003,Peptac liquid aniseed,Alginic acid compound preparations,0101021B0,202109,1,1000.0,1000.0,3.9,3.64839,1.0
E85003,Loperamide 2mg capsules,Loperamide hydrochloride,0104020L0,202109,5,60.0,300.0,15.1,14.13982,1.0
E85003,Cyclizine 50mg tablets,Cyclizine hydrochloride,0406000F0,202109,1,50.0,50.0,3.35,3.23563,1.0
E85003,Dioralyte oral powder sachets plain,Oral rehydration salts,0902012H0,202109,2,6.0,12.0,4.5,4.22018,1.0
E85003,Hydrocortisone 1% / Clotrimazole 1% cream,Hydrocortisone,1304000V0,202109,5,30.0,150.0,12.1,11.34291,1.0
E85003,"Stexerol-D3 25,000unit tablets",Colecalciferol,0906040G0,202109,3,1.0,3.0,4.26,4.30882,1.0
E85003,Eumovate 0.05% ointment,Clobetasone butyrate,1304000H0,202109,1,100.0,100.0,5.44,5.08415,1.0
E85003,Loperamide 2mg capsules,Loperamide hydrochloride,0104020L0,202109,1,56.0,56.0,2.8200000000000003,2.7415000000000003,1.0
E85003,Eumovate 0.05% cream,Clobetasone butyrate,1304000H0,202109,7,30.0,210.0,13.02,12.22543,1.0
E85003,Promethazine hydrochloride 25mg tablets,Promethazine hydrochloride,0304010W0,202109,4,10.0,40.0,4.16,4.32799,1.0
E85003,Dermol 500 lotion,Other emollient preparations,130201000,202109,1,1500.0,1500.0,18.12,16.90579,1.0
E85003,Ibuprofen 100mg/5ml oral suspension sugar free,Ibuprofen,1001010J0,202109,1,300.0,300.0,4.95,4.62732,1.0
E85003,"Hux D3 20,000unit capsules",Colecalciferol,0906040G0,202109,9,1.0,9.0,1.17,2.1024,1.0
E85003,Thealoz Duo eye drops preservative free,Eye Products,2130,202109,1,30.0,30.0,26.97,25.1567,1.0
E85003,Loperamide 2mg capsules,Loperamide hydrochloride,0104020L0,202109,3,120.0,360.0,18.12,16.93059,1.0
E85003,Ispaghula husk 3.5g efferv gran sach gluten free sugar free,Ispaghula husk,0106010E0,202109,2,30.0,60.0,6.48,6.06614,1.0
E85003,Gaviscon Advance oral suspension aniseed (Reckitt Benckiser),Alginic acid compound preparations,0101021B0,202109,4,150.0,600.0,15.52,14.51899,1.0
E85003,Malathion 0.5% aqueous liquid,Malathion,1310040M0,202109,1,150.0,150.0,9.74,9.09306,1.0
E85003,Salicylic acid 16.7% / Lactic acid 16.7% paint,Salicylic acid,1307000M0,202109,1,10.0,10.0,1.71,1.60664,1.0
E85003,Senna 7.5mg tablets,Senna,0106020M0,202109,5,120.0,600.0,31.9,29.80257,1.0
E85003,Vitamin B compound strong tablets,Vitamin B compound,0906027G0,202109,32,14.0,448.0,24.0,25.97215,1.0
E85003,Vitamin B compound strong tablets,Vitamin B compound,0906027G0,202109,3,84.0,252.0,13.5,12.62333,1.0
E85003,Epaderm ointment,Emollients,2122,202109,3,500.0,1500.0,19.74,18.44093,1.0
E85003,Ibuprofen 200mg tablets,Ibuprofen,1001010J0,202109,1,168.0,168.0,8.2,7.65731,1.0
E85003,Bisacodyl 5mg gastro-resistant tablets,Bisacodyl,0106020C0,202109,1,90.0,90.0,4.31,4.13064,1.0
E85003,Anusol suppositories,Zinc oxide,0107010Z0,202109,1,12.0,12.0,2.26,2.1194100000000002,1.0
E85003,Abidec Multivitamin drops,Other multivitamin preparations,090607000,202109,2,25.0,50.0,7.74,7.24085,1.0
E85003,Epimax original cream,Emollients,2122,202109,3,1000.0,3000.0,14.94,13.96586,1.0
E85003,Hydrocortisone 1% cream,Hydrocortisone,1304000V0,202109,1,60.0,60.0,6.24,5.8299900000000004,1.0
E85003,Lacri-lube eye ointment,Liquid paraffin,1108010L0,202109,1,3.5,3.5,3.01,2.8186400000000003,1.0
E85003,Loratadine 10mg tablets,Loratadine,0304010D0,202109,8,7.0,56.0,2.08,2.8384,1.0
E85003,Forceval capsules,Other multivitamin preparations,090607000,202109,8,14.0,112.0,35.84,34.31306,1.0
E85003,Olive oil ear drops (St Georges),Other Appliances,2101,202109,1,10.0,10.0,1.4,1.31763,1.0
E85003,Glycerol 4g suppositories,Glycerol,0106020L0,202109,1,24.0,24.0,3.6,3.3687,1.0
E85003,Thealoz Duo eye drops preservative free,Eye Products,2130,202109,3,20.0,60.0,53.94,50.3258,1.0
E85003,QV cream,Emollients,2122,202109,1,1000.0,1000.0,11.92,11.12549,1.0
E85003,Pro D3 800unit capsules,Colecalciferol,0906040G0,202109,1,90.0,90.0,10.47,9.77365,1.0
E85003,Hypromellose 0.3% eye drops,Hypromellose,1108010F0,202109,3,20.0,60.0,6.3,5.91073,1.0
E85003,Optive 0.5% eye drops,Eye Products,2130,202109,2,10.0,20.0,14.98,13.99075,1.0
E85003,Optrex Allergy 2% eye drops,Sodium cromoglicate,1104020T0,202109,1,10.0,10.0,3.88,3.62975,1.0
E85003,Epimax original cream,Emollients,2122,202109,27,500.0,13500.0,67.23,63.01375,1.0
E85003,Co-codamol 8mg/500mg tablets,Co-codamol (Codeine phosphate/paracetamol),0407010F0,202109,5,100.0,500.0,25.35,23.69596,1.0
E85003,Gaviscon Infant oral powder sachets,Alginic acid compound preparations,0101021B0,202109,1,30.0,30.0,6.0,5.60624,1.0
E85003,Docusate 100mg capsules,Docusate sodium,0106020I0,202109,4,100.0,400.0,27.88,26.4423,1.0
E85003,Fybogel Orange 3.5g effervescent granules sachets SF,Ispaghula husk,0106010E0,202109,2,60.0,120.0,12.96,12.10749,1.0
E85003,Fybogel Orange 3.5g effervescent granules sachets SF,Ispaghula husk,0106010E0,202109,2,60.0,120.0,12.96,12.10749,1.0
E85003,Epimax excetra cream,Emollients,2122,202109,15,500.0,7500.0,44.25,41.44055,1.0
E85003,Hypromellose 0.5% eye drops,Hypromellose,1108010F0,202109,1,10.0,10.0,1.17,1.1032,1.0
E85003,Vitamins capsules,Vitamins caps,0906070T0,202109,1,84.0,84.0,1.3,1.3244,1.0
E85003,Ibuprofen 400mg tablets,Ibuprofen,1001010J0,202109,3,84.0,252.0,17.22,16.09151,1.0
E85003,Ketoconazole 2% shampoo,Ketoconazole,1309000I0,202109,20,120.0,2400.0,137.6,128.53334,1.0
E85003,Paracetamol 500mg soluble tablets,Paracetamol,0407010H0,202109,4,100.0,400.0,34.84,32.53115,1.0
E85003,Centrum Advance 50+ tablets,Other compound vitamin/mineral formulation preparations,091000000,202109,11,7.0,77.0,8.14,8.82537,1.0
E85003,Peptac liquid peppermint,Alginic acid compound preparations,0101021B0,202109,1,2000.0,2000.0,7.8,7.28439,1.0
E85003,Fultium-D3 800unit capsules,Colecalciferol,0906040G0,202109,1,60.0,60.0,7.2,6.72501,1.0
E85003,Gaviscon Original Aniseed Relief,Alginic acid compound preparations,0101021B0,202109,1,150.0,150.0,2.58,2.41775,1.0
E85003,Diprobase cream,Emollients,2122,202109,1,1000.0,1000.0,12.64,11.79675,1.0
E85003,Folic acid 400microgram tablets,Folic acid,0901020G0,202109,3,90.0,270.0,10.56,9.88235,1.0
E85003,"OsteoCaps D3 20,000unit capsules",Colecalciferol,0906040G0,202109,1,14.0,14.0,1.8599999999999999,1.8464900000000002,1.0
E85003,"Hux D3 20,000unit capsules",Colecalciferol,0906040G0,202109,1,4.0,4.0,0.52,0.5972000000000001,1.0
E85003,Systane eye drops 0.8ml unit dose preservative free,Eye Products,2130,202109,1,112.0,112.0,18.64,17.39059,1.0
E85003,Capasal Therapeutic shampoo,Coal tar,1309000C0,202109,1,750.0,750.0,14.07,13.129950000000001,1.0
E85003,Carmellose 1% eye drops 0.4ml unit dose pf (Medicom),Eye Products,2130,202109,1,120.0,120.0,12.0,11.20008,1.0
E85003,Bisacodyl 5mg gastro-resistant tablets,Bisacodyl,0106020C0,202109,1,120.0,120.0,5.74,5.36384,1.0
E85003,Cetraben cream,Emollients,2122,202109,7,500.0,3500.0,41.93,39.1784,1.0
E85003,Chlorphenamine 2mg/5ml oral solution sugar free,Chlorphenamine maleate,0304010G0,202109,1,150.0,150.0,2.21,2.0728,1.0
E85003,Thiamine 100mg tablets,Thiamine hydrochloride,0906026M0,202109,3,168.0,504.0,30.78,29.03359,1.0
E85003,Aveeno cream,Other emollient preparations,130201000,202109,1,100.0,100.0,3.9699999999999998,3.71366,1.0
E85003,Dermol 500 lotion,Other emollient preparations,130201000,202109,29,500.0,14500.0,175.16,163.66236,1.0
E85003,"InVita D3 50,000unit capsules",Colecalciferol,0906040G0,202109,1,3.0,3.0,4.95,4.62732,1.0
E85003,Doublebase Dayleve gel,Other emollient preparations,130201000,202109,1,500.0,500.0,6.29,5.87661,1.0
E85003,Paracetamol 500mg tablets,Paracetamol,0407010H0,202109,2,32.0,64.0,1.88,1.7775400000000001,1.0
E85003,Clobetasone 0.05% ointment,Clobetasone butyrate,1304000H0,202109,1,90.0,90.0,5.58,5.21467,1.0
E85003,"OsteoCaps D3 1,000unit capsules",Colecalciferol,0906040G0,202109,2,28.0,56.0,2.16,2.23858,1.0
E85003,Clobetasone 0.05% ointment,Clobetasone butyrate,1304000H0,202109,2,30.0,60.0,3.7199999999999998,3.49298,1.0
E85003,Gaviscon Original Aniseed Relief,Alginic acid compound preparations,0101021B0,202109,1,600.0,600.0,7.11,6.6411,1.0
E85003,Aveeno cream,Other emollient preparations,130201000,202109,2,1000.0,2000.0,25.88,24.15289,1.0
E85003,Fybogel 3.5g effervescent granules sachets plain SF,Ispaghula husk,0106010E0,202109,2,60.0,120.0,12.96,12.10749,1.0
E85003,ProSource liquid 30ml sachets (4 flavours),Other amino acidandnutritional agent preparations,091101000,202109,2,30.0,60.0,67.22,62.89443,1.0
E85003,Cyclizine 50mg tablets,Cyclizine hydrochloride,0406000F0,202109,1,84.0,84.0,5.62,5.35196,1.0
E85003,Doublebase gel,Other emollient preparations,130201000,202109,8,500.0,4000.0,46.64,43.58196,1.0
E85003,Senna 7.5mg tablets,Senna,0106020M0,202109,16,7.0,112.0,5.92,7.31765,1.0
E85003,Gaviscon Advance Mint chewable tablets (Reckitt Benckiser),Alginic acid compound preparations,0101021B0,202109,1,60.0,60.0,3.07,2.87458,1.0
E85003,Carmellose 0.5% eye drops 0.4ml unit dose preservative free,Carmellose sodium,1108010D0,202109,1,90.0,90.0,14.4,13.43761,1.0
E85003,"OsteoCaps D3 1,000unit capsules",Colecalciferol,0906040G0,202109,1,84.0,84.0,3.23,3.12375,1.0
E85003,Centrum Advance tablets,Other compound vitamin/mineral formulation preparations,091000000,202109,1,100.0,100.0,10.43,9.83635,1.0
E85003,Glycerol 4g suppositories,Glycerol,0106020L0,202109,3,12.0,36.0,5.4,5.07165,1.0
E85003,Clotrimazole 1% cream,Clotrimazole,1310020H0,202109,4,20.0,80.0,5.72,5.38239,1.0
E85003,Promethazine hydrochloride 25mg tablets,Promethazine hydrochloride,0304010W0,202109,1,112.0,112.0,11.64,10.86444,1.0
E85003,Hyoscine hydrobromide 300microgram tablets,Hyoscine hydrobromide,0406000L0,202109,4,14.0,56.0,8.6,8.46743,1.0
E85003,Sunsense ultra lotion SPF 50+,Other sunscreening preparations,130801000,202109,1,125.0,125.0,8.26,7.71325,1.0
E85003,Peptac liquid aniseed,Alginic acid compound preparations,0101021B0,202109,10,500.0,5000.0,19.5,18.30397,1.0
E85003,Carmellose 0.5% eye drops (Alissa),Eye Products,2130,202109,1,20.0,20.0,14.98,13.97835,1.0
E85003,Clinitas Multi 0.2% eye drops preservative free,Eye Products,2130,202109,13,10.0,130.0,77.87,72.75989,1.0
E85003,Maalox 175mg/200mg/5ml oral suspension,Co-magaldrox (Magnesium/aluminium hydroxide),0101010G0,202109,1,500.0,500.0,4.66,4.35695,1.0
E85003,Docusate 100mg capsules,Docusate sodium,0106020I0,202109,1,112.0,112.0,7.8,7.38439,1.0
E85003,Sodium cromoglicate 2% eye drops,Sodium cromoglicate,1104020T0,202109,2,13.5,27.0,20.22,18.87603,1.0
E85003,"OsteoCaps D3 20,000unit capsules",Colecalciferol,0906040G0,202109,2,4.0,8.0,1.06,1.21304,1.0
E85003,Co-codamol 8mg/500mg tablets,Co-codamol (Codeine phosphate/paracetamol),0407010F0,202109,2,50.0,100.0,5.08,4.96092,1.0
E85003,Simple linctus,Simple,0309020D0,202109,1,200.0,200.0,0.93,0.8794400000000001,1.0
E85003,Hypromellose 0.3% eye drops,Hypromellose,1108010F0,202109,12,10.0,120.0,12.6,11.89586,1.0
E85003,Chlorphenamine 4mg tablets,Chlorphenamine maleate,0304010G0,202109,1,56.0,56.0,6.14,5.73676,1.0
E85003,GlucoRx Allpresan diabetic foam cream Basic,Emollients,2122,202109,1,250.0,250.0,11.0,10.26777,1.0
E85003,Vitamin B compound strong tablets,Vitamin B compound,0906027G0,202109,13,21.0,273.0,14.69,15.15678,1.0
E85003,Cetirizine 1mg/ml oral solution sugar free,Cetirizine hydrochloride,0304010I0,202109,4,200.0,800.0,44.96,41.96609,1.0
E85003,Xailin HA 0.2% eye drops,Eye Products,2130,202109,6,10.0,60.0,44.64,41.69255,1.0
E85003,Cetirizine 1mg/ml oral solution sugar free,Cetirizine hydrochloride,0304010I0,202109,1,400.0,400.0,22.48,20.97064,1.0
E85003,Hydrocortisone 1% / Miconazole 2% cream,Hydrocortisone,1304000V0,202109,2,60.0,120.0,9.96,9.31057,1.0
E85003,Paracetamol 500mg soluble tablets,Paracetamol,0407010H0,202109,1,120.0,120.0,10.45,9.755,1.0
E85003,Thiamine 100mg tablets,Thiamine hydrochloride,0906026M0,202109,12,21.0,252.0,15.36,15.66902,1.0
E85003,Senna 7.5mg tablets,Senna,0106020M0,202109,1,30.0,30.0,1.6,1.60409,1.0
E85003,Senna 7.5mg tablets,Senna,0106020M0,202109,1,56.0,56.0,2.98,2.89067,1.0
E85003,"SunVit-D3 10,000unit tablets",Colecalciferol,0906040G0,202109,1,3.0,3.0,0.79,0.8489200000000001,1.0
E85003,Zerocream,Emollients,2122,202109,16,500.0,8000.0,65.28,61.05935,1.0
E85003,"Fultium-D3 20,000unit capsules",Colecalciferol,0906040G0,202109,1,15.0,15.0,17.04,15.8989,1.0
E85003,Chloramphenicol 1% eye ointment,Chloramphenicol,1103010C0,202109,6,4.0,24.0,13.08,12.26897,1.0
E85003,Paracetamol 500mg tablets,Paracetamol,0407010H0,202109,1,400.0,400.0,11.76,10.97632,1.0
E85003,"Stexerol-D3 25,000unit tablets",Colecalciferol,0906040G0,202109,18,12.0,216.0,306.0,285.50891,1.0
E85003,Difflam 0.15% spray,Benzydamine hydrochloride,1203010E0,202109,3,30.0,90.0,12.72,11.89614,1.0
E85003,Carmellose 0.5% eye drops 0.4ml unit dose preservative free,Carmellose sodium,1108010D0,202109,1,60.0,60.0,9.6,8.96254,1.0
E85003,Senna 7.5mg tablets,Senna,0106020M0,202109,2,300.0,600.0,31.9,29.76537,1.0
E85003,Thealoz Duo Gel eye gel 0.4g unit dose preservative free,Eye Products,2130,202109,1,60.0,60.0,13.88,12.95281,1.0
E85003,Bisacodyl 10mg suppositories,Bisacodyl,0106020C0,202109,1,12.0,12.0,2.35,2.20332,1.0
E85003,Bisacodyl 5mg gastro-resistant tablets,Bisacodyl,0106020C0,202109,1,100.0,100.0,4.78,4.56882,1.0
E85003,Alginate raft-forming oral suspension sugar free,Alginic acid compound preparations,0101021B0,202109,1,1500.0,1500.0,5.85,5.46639,1.0
E85003,Aciclovir 5% cream,Aciclovir,1310030C0,202109,1,10.0,10.0,6.77,6.32411,1.0
E85003,Gaviscon Advance oral suspension aniseed (Reckitt Benckiser),Alginic acid compound preparations,0101021B0,202109,2,600.0,1200.0,25.84,24.11559,1.0
E85003,Sodium picosulfate 5mg/5ml oral solution sugar free,Sodium picosulfate,0106020P0,202109,2,300.0,600.0,16.16,15.09087,1.0
E85003,Aveeno cream,Other emollient preparations,130201000,202109,1,500.0,500.0,6.47,6.04442,1.0
E85003,Epimax excetra cream,Emollients,2122,202109,2,100.0,200.0,3.5,3.28787,1.0
E85003,Hylo-Tear 0.1% eye drops preservative free,Eye Products,2130,202109,1,60.0,60.0,51.0,47.56002,1.0
E85003,Gaviscon Double Action chewable tablets mint,Alginic acid compound preparations,0101021B0,202109,1,48.0,48.0,5.49,5.13076,1.0
E85003,Benzydamine 0.15% mouthwash sugar free,Benzydamine hydrochloride,1203010E0,202109,2,300.0,600.0,14.8,13.82293,1.0
E85003,Loperamide 2mg capsules,Loperamide hydrochloride,0104020L0,202109,2,30.0,60.0,3.02,2.84036,1.0
E85003,Piriton 2mg/5ml syrup,Chlorphenamine maleate,0304010G0,202109,1,300.0,300.0,5.5600000000000005,5.19602,1.0
E85003,Vitamin B compound strong tablets,Vitamin B compound,0906027G0,202109,2,336.0,672.0,36.0,33.58783,1.0
E85003,Hydrocortisone 1% ointment,Hydrocortisone,1304000V0,202109,1,15.0,15.0,1.5899999999999999,1.49477,1.0
E85003,Miconazole 2% cream,Miconazole nitrate,1310020N0,202109,1,60.0,60.0,3.64,3.40599,1.0
E85003,Forceval capsules,Other multivitamin preparations,090607000,202109,1,84.0,84.0,27.78,26.01187,1.0
E85003,Loratadine 10mg tablets,Loratadine,0304010D0,202109,1,240.0,240.0,8.8,8.2167,1.0
E85003,Hylo-Forte 0.2% eye drops preservative free,Eye Products,2130,202109,5,10.0,50.0,47.5,44.34655,1.0
E85003,Gaviscon Peppermint Liquid Relief,Alginic acid compound preparations,0101021B0,202109,1,300.0,300.0,4.33,4.04929,1.0
E85003,Loratadine 10mg tablets,Loratadine,0304010D0,202109,1,60.0,60.0,2.2,2.06347,1.0
E85003,Ibuleve Maximum Strength 10% gel,Ibuprofen,1003020P0,202109,1,50.0,50.0,4.63,4.32898,1.0
E85003,Voltarol 1.16% Emulgel,Diclofenac diethyl,1003020AF,202109,1,300.0,300.0,13.89,12.96213,1.0
E85003,Colecalciferol 800unit capsules,Colecalciferol,0906040G0,202109,1,56.0,56.0,6.72,6.3775,1.0
E85003,Co-codamol 8mg/500mg capsules,Co-codamol (Codeine phosphate/paracetamol),0407010F0,202109,1,112.0,112.0,26.45,24.7719,1.0
E85003,Sodium bicarbonate 5% ear drops (T & R),Other Appliances,2101,202109,2,10.0,20.0,2.5,2.35557,1.0
E85003,Senna 7.5mg tablets,Senna,0106020M0,202109,12,60.0,720.0,38.28,35.83748,1.0
E85003,Strivit-D3 800unit capsules,Colecalciferol,0906040G0,202109,1,90.0,90.0,7.5,7.0047,1.0
E85003,Oilatum cream,Other emollient preparations,130201000,202109,4,500.0,2000.0,21.12,19.739910000000002,1.0
E85003,Systane Ultra eye drops,Eye Products,2130,202109,1,10.0,10.0,6.69,6.24953,1.0
E85003,Senna 7.5mg/5ml oral solution sugar free,Senna,0106020M0,202109,2,500.0,1000.0,13.98,13.05844,1.0
E85003,"Colecalciferol 1,000unit capsules",Colecalciferol,0906040G0,202109,4,7.0,28.0,9.32,9.13869,1.0
E85003,Hydrocortisone 1% cream,Hydrocortisone,1304000V0,202109,2,50.0,100.0,10.4,9.720790000000001,1.0
E85003,Co-codamol 8mg/500mg effervescent tablets,Co-codamol (Codeine phosphate/paracetamol),0407010F0,202109,2,100.0,200.0,19.06,17.79456,1.0
E85003,Thiamine 50mg tablets,Thiamine hydrochloride,0906026M0,202109,1,56.0,56.0,2.39,2.34061,1.0
E85003,Clotrimazole 1% cream,Clotrimazole,1310020H0,202109,1,60.0,60.0,4.29,4.01199,1.0
E85003,Clotrimazole 1% solution,Clotrimazole,1310020H0,202109,1,20.0,20.0,2.5300000000000002,2.37113,1.0
E85003,Miconazole 20mg/g oromucosal gel sugar free,Miconazole,1203020H0,202110,3,15.0,45.0,12.03,11.24741,1.0
E85003,Senna 7.5mg tablets,Senna,0106020M0,202110,26,14.0,364.0,18.72,20.36672,1.0
E85003,Thiamine 100mg tablets,Thiamine hydrochloride,0906026M0,202110,4,84.0,336.0,20.36,19.42216,1.0
E85003,Hydrocortisone 1% / Miconazole 2% cream,Hydrocortisone,1304000V0,202110,10,30.0,300.0,24.9,23.32718,1.0
E85003,Phenergan 25mg tablets,Promethazine hydrochloride,0304010W0,202110,1,14.0,14.0,1.16,1.1933500000000001,1.0
E85003,Dioralyte oral powder sachets blackcurrant,Oral rehydration salts,0902012H0,202110,1,6.0,6.0,2.25,2.10907,1.0
E85003,Sodium bicarbonate 5% ear drops,Other Appliances,2101,202110,4,10.0,40.0,4.92,4.63433,1.0
E85003,"Hux D3 20,000unit capsules",Colecalciferol,0906040G0,202110,3,10.0,30.0,3.93,3.99939,1.0
E85003,"OsteoCaps D3 20,000unit capsules",Colecalciferol,0906040G0,202110,1,6.0,6.0,0.8,0.8578800000000001,1.0
E85003,Thiamine 100mg tablets,Thiamine hydrochloride,0906026M0,202110,1,300.0,300.0,18.18,16.95352,1.0
E85003,Doublebase Dayleve gel,Other emollient preparations,130201000,202110,1,500.0,500.0,6.29,5.87377,1.0
E85003,Ibugel Forte 10% gel,Ibuprofen,1003020P0,202110,1,100.0,100.0,5.79,5.40784,1.0
E85003,"OsteoCaps D3 1,000unit capsules",Colecalciferol,0906040G0,202110,3,100.0,300.0,11.55,10.80012,1.0
E85003,Vitamin B compound strong tablets,Vitamin B compound,0906027G0,202110,18,14.0,252.0,12.24,13.4291,1.0
E85003,Senna 7.5mg tablets,Senna,0106020M0,202110,5,7.0,35.0,1.8,2.23934,1.0
E85003,Ibugel Forte 10% gel,Ibuprofen,1003020P0,202110,1,300.0,300.0,17.37,16.19872,1.0
E85003,Epiduo 0.1%/2.5% gel,Adapalene and benzoyl peroxide,1306010Z0,202110,2,45.0,90.0,39.06,36.42305,1.0
E85003,Thiamine 100mg tablets,Thiamine hydrochloride,0906026M0,202110,1,56.0,56.0,3.39,3.2713900000000002,1.0
E85003,Opticrom Allergy 2% eye drops,Sodium cromoglicate,1104020T0,202110,15,10.0,150.0,50.25,47.0117,1.0
E85003,Dioralyte oral powder sachets plain,Oral rehydration salts,0902012H0,202110,1,6.0,6.0,2.25,2.10907,1.0
E85003,Xailin Night eye ointment preservative free,Eye Products,2130,202110,1,15.0,15.0,7.8,7.28087,1.0
E85003,Vitamins capsules,Vitamins caps,0906070T0,202110,2,84.0,168.0,2.6,2.64762,1.0
E85003,Paracetamol 500mg capsules,Paracetamol,0407010H0,202110,1,64.0,64.0,2.96,2.77069,1.0
E85003,Fybogel 3.5g effervescent granules sachets plain SF,Ispaghula husk,0106010E0,202110,1,60.0,60.0,6.48,6.05082,1.0
E85003,Gaviscon Advance Mint chewable tablets (Reckitt Benckiser),Alginic acid compound preparations,0101021B0,202110,1,120.0,120.0,6.14,5.73399,1.0
E85003,Gaviscon Peppermint chewable tablets,Alginic acid compound preparations,0101021B0,202110,1,16.0,16.0,1.6800000000000002,1.67792,1.0
E85003,Glycerol 4g suppositories,Glycerol,0106020L0,202110,1,48.0,48.0,7.2,6.72175,1.0
E85003,Benzoyl peroxide 5% gel,Benzoyl peroxide,1306010C0,202110,1,30.0,30.0,5.44,5.08169,1.0
E85003,Epaderm cream,Emollients,2122,202110,1,1000.0,1000.0,14.02,13.077,1.0
E85003,Beclometasone 50micrograms/dose nasal spray,Beclometasone dipropionate,1202010C0,202110,2,2.0,4.0,12.2,11.39343,1.0
E85003,Epimax ointment,Emollients,2122,202110,1,125.0,125.0,1.92,1.80156,1.0
E85003,Glycerol 4g suppositories,Glycerol,0106020L0,202110,1,24.0,24.0,3.6,3.36708,1.0
E85003,Beconase Aqueous 50micrograms/dose nasal spray,Beclometasone dipropionate,1202010C0,202110,1,1.0,1.0,2.63,2.46318,1.0
E85003,Cyclizine 50mg tablets,Cyclizine hydrochloride,0406000F0,202110,2,90.0,180.0,10.48,9.99064,1.0
E85003,Carmellose 0.5% eye drops 0.4ml unit dose pf (Alissa),Eye Products,2130,202110,2,90.0,180.0,34.5,32.17379,1.0
E85003,"Colecalciferol 1,000unit capsules",Colecalciferol,0906040G0,202110,8,7.0,56.0,18.64,18.26897,1.0
E85003,Hylo-Tear 0.1% eye drops preservative free,Eye Products,2130,202110,2,20.0,40.0,34.0,31.70786,1.0
E85003,Cetirizine 10mg tablets,Cetirizine hydrochloride,0304010I0,202110,10,60.0,600.0,19.6,18.38835,1.0
E85003,Hylo Night eye ointment preservative free,Eye Products,2130,202110,6,5.0,30.0,16.5,15.45,1.0
E85003,Cyclizine 50mg tablets,Cyclizine hydrochloride,0406000F0,202110,1,10.0,10.0,0.58,0.65288,1.0
E85003,Co-codamol 8mg/500mg tablets,Co-codamol (Codeine phosphate/paracetamol),0407010F0,202110,2,56.0,112.0,4.7,4.60452,1.0
E85003,"Fultium-D3 20,000unit capsules",Colecalciferol,0906040G0,202110,2,3.0,6.0,6.31,6.1048,1.0
E85003,Miconazole 2% cream,Miconazole nitrate,1310020N0,202110,3,60.0,180.0,10.92,10.21305,1.0
E85003,Paracetamol 500mg capsules,Paracetamol,0407010H0,202110,2,100.0,200.0,9.26,8.65378,1.0
E85003,Vitamin B compound strong tablets,Vitamin B compound,0906027G0,202110,1,168.0,168.0,8.1,7.56042,1.0
E85003,Forceval Soluble tablets,Other multivitamin preparations,090607000,202110,4,30.0,120.0,43.56,40.6412,1.0
E85003,Forceval capsules,Other multivitamin preparations,090607000,202110,19,7.0,133.0,43.8,42.95084,1.0
E85003,VisuXL eye drops preservative free,Eye Products,2130,202110,1,10.0,10.0,10.3,9.6105,1.0
E85003,White soft paraffin 50% / Liquid paraffin 50% ointment,Other emollient preparations,130201000,202110,3,500.0,1500.0,13.71,12.81293,1.0
E85003,Xyloproct 5%/0.275% ointment,Hydrocortisone,0107020J0,202110,1,20.0,20.0,4.19,3.9168700000000003,1.0
E85003,Paracetamol 500mg tablets,Paracetamol,0407010H0,202110,69,100.0,6900.0,191.82,179.60399,1.0
E85003,Optive Plus 0.5% eye drops,Eye Products,2130,202110,1,10.0,10.0,7.49,6.99199,1.0
E85003,Diclofenac diethylammonium 1.16% gel,Diclofenac diethyl,1003020AF,202110,3,200.0,600.0,27.78,25.92413,1.0
E85003,Paracetamol 250mg/5ml oral suspension sugar free,Paracetamol,0407010H0,202110,1,200.0,200.0,2.52,2.36067,1.0
E85003,QV Intensive ointment,Emollients,2122,202110,2,450.0,900.0,11.5,10.74113,1.0
E85003,Docusate 100mg capsules,Docusate sodium,0106020I0,202110,1,30.0,30.0,2.09,1.95998,1.0
E85003,Chlorphenamine 4mg tablets,Chlorphenamine maleate,0304010G0,202110,1,84.0,84.0,9.21,8.59478,1.0
E85003,Co-codamol 8mg/500mg tablets,Co-codamol (Codeine phosphate/paracetamol),0407010F0,202110,3,60.0,180.0,7.5600000000000005,7.08202,1.0
E85003,Celluvisc 0.5% eye drops 0.4ml unit dose,Carmellose sodium,1108010D0,202110,1,180.0,180.0,31.06,28.95581,1.0
E85003,Hyabak 0.15% eye drops preservative free,Eye Products,2130,202110,3,10.0,30.0,23.97,22.37376,1.0
E85003,Celluvisc 0.5% eye drops 0.4ml unit dose,Carmellose sodium,1108010D0,202110,2,90.0,180.0,28.8,26.86222,1.0
E85003,Hypromellose 0.3% eye drops preservative free,Eye Products,2130,202110,1,10.0,10.0,5.75,5.37057,1.0
E85003,Hyabak 0.15% eye drops preservative free,Eye Products,2130,202110,1,20.0,20.0,15.98,14.90344,1.0
E85003,Fybogel Orange 3.5g effervescent granules sachets SF,Ispaghula husk,0106010E0,202110,2,30.0,60.0,6.48,6.06322,1.0
E85003,Fybogel Orange 3.5g effervescent granules sachets SF,Ispaghula husk,0106010E0,202110,2,30.0,60.0,6.48,6.06322,1.0
E85003,Accrete D3 tablets,Colecalciferol,0906040G0,202110,8,7.0,56.0,2.7199999999999998,3.43385,1.0
E85003,Abidec Multivitamin drops,Other multivitamin preparations,090607000,202110,1,50.0,50.0,7.74,7.22496,1.0
E85003,Diprobase cream,Emollients,2122,202110,1,500.0,500.0,6.32,5.90172,1.0
E85003,Anusol ointment,Zinc oxide,0107010Z0,202110,2,25.0,50.0,4.9,4.59089,1.0
E85003,Cetraben lotion,Emollients,2122,202110,1,200.0,200.0,4.0,3.73982,1.0
E85003,Loperamide 2mg tablets,Loperamide hydrochloride,0104020L0,202110,1,360.0,360.0,25.44,23.71879,1.0
E85003,Docusate 100mg capsules,Docusate sodium,0106020I0,202110,20,14.0,280.0,19.6,20.51235,1.0
E85003,Cetirizine 10mg tablets,Cetirizine hydrochloride,0304010I0,202110,18,30.0,540.0,17.64,16.66112,1.0
E85003,Hylo-Tear 0.1% eye drops preservative free,Eye Products,2130,202110,1,40.0,40.0,34.0,31.69546,1.0
E85003,Anusol suppositories,Zinc oxide,0107010Z0,202110,2,12.0,24.0,4.52,4.23678,1.0
E85003,Gaviscon Infant oral powder sachets,Alginic acid compound preparations,0101021B0,202110,1,15.0,15.0,3.0,2.90796,1.0
E85003,"Hux D3 20,000unit capsules",Colecalciferol,0906040G0,202110,1,4.0,4.0,0.52,0.59696,1.0
E85003,Senna 7.5mg tablets,Senna,0106020M0,202110,3,100.0,300.0,15.36,14.65049,1.0
E85003,Doublebase gel,Other emollient preparations,130201000,202110,3,1000.0,3000.0,34.98,32.63348,1.0
E85003,"Stexerol-D3 25,000unit tablets",Colecalciferol,0906040G0,202110,1,3.0,3.0,4.25,4.07278,1.0
E85003,Ibuprofen 5% gel,Ibuprofen,1003020P0,202110,22,50.0,1100.0,31.02,29.17894,1.0
E85003,Paracetamol 500mg capsules,Paracetamol,0407010H0,202110,2,200.0,400.0,18.52,17.28275,1.0
E85003,Thiamine 100mg tablets,Thiamine hydrochloride,0906026M0,202110,1,112.0,112.0,6.79,6.43969,1.0
E85003,Hydrocortisone 1% cream,Hydrocortisone,1304000V0,202110,5,50.0,250.0,23.35,21.82081,1.0
E85003,Ketoconazole 2% shampoo,Ketoconazole,1309000I0,202110,20,120.0,2400.0,138.6,129.40308,1.0
E85003,Miconazole 2% cream,Miconazole nitrate,1310020N0,202110,3,30.0,90.0,5.46,5.12513,1.0
E85003,"OsteoCaps D3 20,000unit capsules",Colecalciferol,0906040G0,202110,23,3.0,69.0,9.2,11.15826,1.0
E85003,Salicylic acid 16.7% / Lactic acid 16.7% paint,Salicylic acid,1307000M0,202110,1,10.0,10.0,1.71,1.60587,1.0
E85003,"OsteoCaps D3 20,000unit capsules",Colecalciferol,0906040G0,202110,2,14.0,28.0,3.7199999999999998,3.6913,1.0
E85003,Paracetamol 500mg tablets,Paracetamol,0407010H0,202110,1,32.0,32.0,0.89,0.8417500000000001,1.0
E85003,Oxyal 0.15% eye drops,Eye Products,2130,202110,1,10.0,10.0,4.15,3.8796,1.0
E85003,"Fultium-D3 20,000unit capsules",Colecalciferol,0906040G0,202110,3,14.0,42.0,42.96,40.36968,1.0
E85003,Optive Fusion 0.1% eye drops,Eye Products,2130,202110,1,10.0,10.0,7.49,6.99199,1.0
E85003,Optive 0.5% eye drops,Eye Products,2130,202110,2,10.0,20.0,14.98,13.98398,1.0
E85003,Ocufresh 0.2% lubricating eye gel,Eye Products,2130,202110,1,30.0,30.0,8.4,7.83998,1.0
E85003,Bisacodyl 10mg suppositories,Bisacodyl,0106020C0,202110,2,12.0,24.0,4.7,4.40452,1.0
E85003,Glycerol 4g suppositories,Glycerol,0106020L0,202110,2,12.0,24.0,3.6,3.37948,1.0
E85003,Hylo Night eye ointment preservative free,Eye Products,2130,202110,1,10.0,10.0,5.5,5.1376,1.0
E85003,Cyclizine 50mg tablets,Cyclizine hydrochloride,0406000F0,202110,2,45.0,90.0,5.24,5.10772,1.0
E85003,Normacol Plus granules 7g sachets,Sterculia,0106010N0,202110,1,60.0,60.0,7.12,6.64721,1.0
E85003,Epaderm cream,Emollients,2122,202110,1,100.0,100.0,3.42,3.19934,1.0
E85003,Aveeno cream,Other emollient preparations,130201000,202110,2,1000.0,2000.0,25.88,24.1412,1.0
E85003,Dermax Therapeutic 0.5% shampoo,Benzalkonium chloride,1309000L0,202110,1,500.0,500.0,11.38,10.61691,1.0
E85003,Acrivastine 8mg capsules,Acrivastine,0304010A0,202110,1,84.0,84.0,22.4,20.88595,1.0
E85003,Carmize 0.5% eye drops,Eye Products,2130,202110,1,30.0,30.0,22.47,20.95118,1.0
E85003,Anhydrol Forte 20% solution,Aluminium chloride,1312000C0,202110,1,120.0,120.0,5.02,4.69031,1.0
E85003,Hylo-Forte 0.2% eye drops preservative free,Eye Products,2130,202110,1,30.0,30.0,28.5,26.57026,1.0
E85003,Hylo-Tear 0.1% eye drops preservative free,Eye Products,2130,202110,1,60.0,60.0,51.0,47.53699,1.0
E85003,Carbomer '980' 0.2% eye dps 0.6ml ud preservative free,Carbomer 940/980,1108010B0,202110,1,30.0,30.0,5.42,5.06305,1.0
E85003,Gaviscon Advance Mint chewable tablets (Reckitt Benckiser),Alginic acid compound preparations,0101021B0,202110,1,60.0,60.0,3.07,2.87319,1.0
E85003,Miconazole 2% cream,Miconazole nitrate,1310020N0,202110,1,90.0,90.0,5.46,5.10033,1.0
E85003,Paracetamol 120mg/5ml oral suspension paediatric sugar free,Paracetamol,0407010H0,202110,1,200.0,200.0,3.26,3.05025,1.0
E85003,"Hux D3 20,000unit capsules",Colecalciferol,0906040G0,202110,1,7.0,7.0,0.92,0.9697100000000001,1.0
E85003,"Hux D3 20,000unit capsules",Colecalciferol,0906040G0,202110,4,2.0,8.0,1.04,1.41873,1.0
E85003,Voltarol 1.16% Emulgel,Diclofenac diethyl,1003020AF,202110,3,200.0,600.0,27.78,25.92413,1.0
E85003,Promethazine hydrochloride 25mg tablets,Promethazine hydrochloride,0304010W0,202110,5,56.0,280.0,29.3,27.36535,1.0
E85003,Hydrocortisone 1% ointment,Hydrocortisone,1304000V0,202110,1,45.0,45.0,4.8,4.4853,1.0
E85003,Hypromellose 0.5% eye drops,Hypromellose,1108010F0,202110,2,10.0,20.0,2.34,2.20534,1.0
E85003,Peptac liquid peppermint,Alginic acid compound preparations,0101021B0,202110,2,1000.0,2000.0,7.8,7.29327,1.0
E85003,Thiamine 100mg tablets,Thiamine hydrochloride,0906026M0,202110,7,7.0,49.0,2.94,3.52645,1.0
E85003,Hyoscine 1mg/72hours transdermal patches,Hyoscine,0406000A0,202110,1,10.0,10.0,64.35,59.97726,1.0
E85003,Oilatum scalp treatment shampoo,Other toiletry preparations,190205500,202110,1,200.0,200.0,11.54,10.766,1.0
E85003,"OsteoCaps D3 1,000unit capsules",Colecalciferol,0906040G0,202110,1,28.0,28.0,1.08,1.1188,1.0
E85003,E45 Dry Scalp shampoo,Other toiletry preparations,190205500,202110,1,400.0,400.0,7.76,7.24359,1.0
E85003,"Fultium-D3 20,000unit capsules",Colecalciferol,0906040G0,202110,7,1.0,7.0,7.98,8.223,1.0
E85003,InVita D3 800unit capsules,Colecalciferol,0906040G0,202110,1,90.0,90.0,8.04,7.60451,1.0
E85003,Cetirizine 10mg tablets,Cetirizine hydrochloride,0304010I0,202110,6,7.0,42.0,1.38,1.96036,1.0
E85003,Olive oil ear drops (Sai-Meds Ltd),Other Appliances,2101,202110,1,10.0,10.0,1.35,1.2704,1.0
E85003,Clinitas Multi 0.2% eye drops preservative free,Eye Products,2130,202110,8,10.0,80.0,47.92,44.75368,1.0
E85003,Carmellose 0.5% eye drops 0.4ml unit dose preservative free,Carmellose sodium,1108010D0,202110,1,90.0,90.0,14.4,13.43111,1.0
E85003,Loperamide 2mg capsules,Loperamide hydrochloride,0104020L0,202110,1,18.0,18.0,0.79,0.84857,1.0
E85003,Cyclizine 50mg tablets,Cyclizine hydrochloride,0406000F0,202110,2,30.0,60.0,3.5,3.48629,1.0
E85003,Dermol 500 lotion,Other emollient preparations,130201000,202110,1,2000.0,2000.0,24.16,22.52601,1.0
E85003,Co-codamol 8mg/500mg capsules,Co-codamol (Codeine phosphate/paracetamol),0407010F0,202110,2,32.0,64.0,15.12,14.11444,1.0
E85003,Bisacodyl 5mg suppositories,Bisacodyl,0106020C0,202110,1,2.0,2.0,0.42,0.50378,1.0
E85003,Diphenhydramine 50mg tablets,Diphenhydramine hydrochloride,0304010N0,202110,2,28.0,56.0,12.48,11.85435,1.0
E85003,Gaviscon Peppermint chewable tablets,Alginic acid compound preparations,0101021B0,202110,1,96.0,96.0,8.68,8.1009,1.0
E85003,Capasal Therapeutic shampoo,Coal tar,1309000C0,202110,2,500.0,1000.0,18.76,17.5064,1.0
E85003,Docusate 100mg capsules,Docusate sodium,0106020I0,202110,5,60.0,300.0,20.9,19.537770000000002,1.0
E85003,Loratadine 10mg tablets,Loratadine,0304010D0,202110,1,90.0,90.0,3.15,2.94774,1.0
E85003,Celluvisc 1% eye drops 0.4ml unit dose,Carmellose sodium,1108010D0,202110,2,30.0,60.0,6.0,5.6159300000000005,1.0
E85003,"Colecalciferol 40,000unit capsules",Colecalciferol,0906040G0,202110,5,1.0,5.0,7.5,7.55091,1.0
E85003,Fybogel Orange 3.5g effervescent granules sachets SF,Ispaghula husk,0106010E0,202110,1,60.0,60.0,6.48,6.05082,1.0
E85003,Fybogel Orange 3.5g effervescent granules sachets SF,Ispaghula husk,0106010E0,202110,1,60.0,60.0,6.48,6.05082,1.0
E85003,Hydrocortisone 1% / Miconazole 2% cream,Hydrocortisone,1304000V0,202110,3,60.0,180.0,14.94,13.95911,1.0
E85003,VisuXL Gel eye drops preservative free,Eye Products,2130,202110,1,20.0,20.0,14.98,13.97158,1.0
E85003,Senna 7.5mg tablets,Senna,0106020M0,202110,2,56.0,112.0,5.74,5.57365,1.0
E85003,Xailin 0.2% eye gel,Eye Products,2130,202110,1,10.0,10.0,3.39,3.17139,1.0
E85003,Promethazine hydrochloride 10mg tablets,Promethazine hydrochloride,0304010W0,202110,2,28.0,56.0,3.96,3.91495,1.0
E85003,Hydrocortisone 2.5mg muco-adhesive buccal tablets sugar free,Hydrocortisone (Sodium succinate),1203010M0,202110,1,20.0,20.0,9.03,8.42705,1.0
E85003,Eumovate 0.05% cream,Clobetasone butyrate,1304000H0,202110,3,30.0,90.0,5.58,5.23695,1.0
E85003,E45 cream,Other emollient preparations,130201000,202110,3,500.0,1500.0,17.97,16.78263,1.0
E85003,Folic acid 400microgram tablets,Folic acid,0901020G0,202110,4,7.0,28.0,1.08,1.456,1.0
E85003,Doublebase gel,Other emollient preparations,130201000,202110,8,500.0,4000.0,46.64,43.56091,1.0
E85003,Folic acid 400microgram tablets,Folic acid,0901020G0,202110,1,84.0,84.0,3.29,3.1782,1.0
E85003,Fultium-D3 800unit capsules,Colecalciferol,0906040G0,202110,4,30.0,120.0,14.4,13.46831,1.0
E85003,Zerocream,Emollients,2122,202110,22,500.0,11000.0,89.76,83.91609,1.0
E85003,Forceval capsules,Other multivitamin preparations,090607000,202110,1,84.0,84.0,27.78,25.99933,1.0
E85003,Carbomer '980' 0.2% eye dps 0.6ml ud preservative free,Carbomer 940/980,1108010B0,202110,1,120.0,120.0,21.68,20.21501,1.0
E85003,Gaviscon Double Action Liquid aniseed,Alginic acid compound preparations,0101021B0,202110,3,150.0,450.0,9.69,9.06687,1.0
E85003,Bisacodyl 5mg gastro-resistant tablets,Bisacodyl,0106020C0,202110,1,100.0,100.0,5.32,5.06987,1.0
E85003,Hydromoor 0.3% eye drops 0.4ml unit dose preservative free,Eye Products,2130,202110,1,60.0,60.0,11.5,10.72873,1.0
E85003,Blink Intensive Tears 0.2% eye drops,Eye Products,2130,202110,1,10.0,10.0,2.9699999999999998,2.78001,1.0
E85003,Flexitol 25% Urea Heel Balm,Emollients,2122,202110,2,500.0,1000.0,29.5,27.51452,1.0
E85003,Cetraben ointment,Emollients,2122,202110,1,450.0,450.0,5.39,5.0351,1.0
E85003,Chlorphenamine 4mg tablets,Chlorphenamine maleate,0304010G0,202110,1,56.0,56.0,6.14,5.73399,1.0
E85003,Chlorphenamine 4mg tablets,Chlorphenamine maleate,0304010G0,202110,1,30.0,30.0,3.29,3.1782,1.0
E85003,Abidec Multivitamin drops,Other multivitamin preparations,090607000,202110,3,25.0,75.0,11.61,10.85603,1.0
E85003,Cyclizine 50mg tablets,Cyclizine hydrochloride,0406000F0,202110,1,84.0,84.0,4.89,4.66917,1.0
E85003,Carmellose 0.5% eye drops 0.4ml unit dose pf (Alissa),Eye Products,2130,202110,1,60.0,60.0,11.5,10.72873,1.0
E85003,Accrete D3 tablets,Colecalciferol,0906040G0,202110,4,120.0,480.0,23.6,22.04137,1.0
E85003,Carmellose 0.5% eye drops 0.4ml unit dose preservative free,Carmellose sodium,1108010D0,202110,1,60.0,60.0,9.6,8.95821,1.0
E85003,Anusol HC ointment,Hydrocortisone,0107020J0,202110,1,30.0,30.0,2.49,2.33272,1.0
E85003,Balneum Plus cream,Urea,1302010U0,202110,4,500.0,2000.0,59.96,55.92361,1.0
E85003,Chlorphenamine 4mg tablets,Chlorphenamine maleate,0304010G0,202110,2,28.0,56.0,6.14,5.74639,1.0
E85003,Hydromol ointment,Emollients,2122,202110,3,500.0,1500.0,14.88,13.9032,1.0
E85003,Aciclovir 5% cream,Aciclovir,1310030C0,202110,3,2.0,6.0,4.05,3.81121,1.0
E85003,Hydrous ointment,Wool alcohols,1302010Y0,202110,1,500.0,500.0,4.15,3.8796,1.0
E85003,Promethazine hydrochloride 25mg tablets,Promethazine hydrochloride,0304010W0,202110,13,14.0,182.0,19.11,19.26895,1.0
E85003,Paracetamol 500mg tablets,Paracetamol,0407010H0,202110,19,200.0,3800.0,105.64,98.67674,1.0
E85003,Promethazine hydrochloride 25mg tablets,Promethazine hydrochloride,0304010W0,202110,6,10.0,60.0,6.3,6.54509,1.0
E85003,Xailin Night eye ointment preservative free,Eye Products,2130,202110,2,10.0,20.0,10.4,9.71609,1.0
E85003,"Hux D3 20,000unit capsules",Colecalciferol,0906040G0,202110,16,1.0,16.0,2.08,3.73666,1.0
E85003,Diclofenac 140mg medicated plasters,Diclofenac sodium,1003020U0,202110,1,10.0,10.0,29.95,27.92145,1.0
E85003,Peptac liquid aniseed,Alginic acid compound preparations,0101021B0,202110,3,1000.0,3000.0,11.7,10.9399,1.0
E85003,Paracetamol 500mg tablets,Paracetamol,0407010H0,202110,16,56.0,896.0,24.96,25.0575,1.0
E85003,Vitamin B compound strong tablets,Vitamin B compound,0906027G0,202110,2,112.0,224.0,10.8,10.08883,1.0
E85003,Hypromellose 0.3% eye drops,Hypromellose,1108010F0,202110,5,20.0,100.0,10.5,9.84648,1.0
E85003,Paracetamol 500mg tablets,Paracetamol,0407010H0,202110,1,300.0,300.0,8.34,7.78407,1.0
E85003,Hydrocortisone 1% / Clotrimazole 1% cream,Hydrocortisone,1304000V0,202110,1,30.0,30.0,2.42,2.26749,1.0
E85003,Hydrocortisone 1% ointment,Hydrocortisone,1304000V0,202110,4,30.0,120.0,12.8,11.97734,1.0
E85003,E45 cream,Other emollient preparations,130201000,202110,3,1000.0,3000.0,35.94,33.52806,1.0
E85003,Gaviscon Advance Mint chewable tablets (Reckitt Benckiser),Alginic acid compound preparations,0101021B0,202110,1,48.0,48.0,2.46,2.40476,1.0
E85003,Hylo-Tear 0.1% eye drops preservative free,Eye Products,2130,202110,7,10.0,70.0,59.5,55.53216,1.0
E85003,Hylo-Forte 0.2% eye drops preservative free,Eye Products,2130,202110,1,20.0,20.0,19.0,17.71764,1.0
E85003,Ocufresh 0.2% lubricating eye gel,Eye Products,2130,202110,1,10.0,10.0,2.8,2.6215900000000003,1.0
E85003,Loperamide 2mg capsules,Loperamide hydrochloride,0104020L0,202110,2,60.0,120.0,5.28,4.94499,1.0
E85003,Epimax original cream,Emollients,2122,202110,30,500.0,15000.0,74.7,69.98155,1.0
E85003,Corsodyl 0.2% mouthwash alcohol free,Chlorhexidine gluconate,1203040E0,202110,1,300.0,300.0,3.5700000000000003,3.33912,1.0
E85003,Aveeno cream,Other emollient preparations,130201000,202110,3,500.0,1500.0,19.41,18.1245,1.0
E85003,Cetirizine 1mg/ml oral solution sugar free,Cetirizine hydrochloride,0304010I0,202110,1,400.0,400.0,24.58,22.91739,1.0
E85003,Accrete D3 tablets,Colecalciferol,0906040G0,202110,23,14.0,322.0,15.87,17.37374,1.0
E85003,Beclometasone 50micrograms/dose nasal spray,Beclometasone dipropionate,1202010C0,202110,5,1.0,5.0,15.25,14.27279,1.0
E85003,Epaderm cream,Emollients,2122,202110,6,500.0,3000.0,42.06,39.26821,1.0
E85003,Benzydamine 0.15% oromucosal spray sugar free,Benzydamine hydrochloride,1203010E0,202110,3,30.0,90.0,6.15,5.76811,1.0
E85003,Clinitas Multi 0.2% eye drops preservative free,Eye Products,2130,202110,1,40.0,40.0,23.96,22.33964,1.0
E85003,Chlorphenamine 2mg/5ml oral solution sugar free,Chlorphenamine maleate,0304010G0,202110,1,150.0,150.0,2.21,2.0718,1.0
E85003,Loratadine 10mg tablets,Loratadine,0304010D0,202110,1,84.0,84.0,2.94,2.85205,1.0
E85003,Gaviscon Peppermint Liquid Relief,Alginic acid compound preparations,0101021B0,202110,1,300.0,300.0,4.33,4.04733,1.0
E85003,Chlorphenamine 2mg/5ml oral solution sugar free,Chlorphenamine maleate,0304010G0,202110,1,300.0,300.0,4.42,4.1312,1.0
E85003,Cyclizine 50mg tablets,Cyclizine hydrochloride,0406000F0,202110,3,50.0,150.0,8.73,8.47229,1.0
E85003,Gaviscon Advance oral susp peppermint (Reckitt Benckiser),Alginic acid compound preparations,0101021B0,202110,5,300.0,1500.0,32.3,30.16091,1.0
E85003,Loratadine 5mg/5ml oral solution,Loratadine,0304010D0,202110,1,200.0,200.0,13.84,12.90927,1.0
E85003,"Hux D3 20,000unit capsules",Colecalciferol,0906040G0,202110,2,12.0,24.0,3.14,3.15082,1.0
E85003,"InVita D3 25,000units/1ml oral solution",Colecalciferol,0906040G0,202110,1,2.0,2.0,2.9699999999999998,2.88001,1.0
E85003,Mebendazole 100mg/5ml oral suspension,Mebendazole,0505010D0,202110,1,60.0,60.0,3.1,2.9011500000000003,1.0
E85003,Vitamin B compound strong tablets,Vitamin B compound,0906027G0,202110,2,84.0,168.0,8.1,7.57282,1.0
E85003,Ibuprofen 200mg tablets,Ibuprofen,1001010J0,202110,3,84.0,252.0,11.46,10.71626,1.0
E85003,Opticrom Hayfever 2% eye drops,Sodium cromoglicate,1104020T0,202110,1,10.0,10.0,3.35,3.13411,1.0
E85003,Forceval capsules,Other multivitamin preparations,090607000,202110,5,90.0,450.0,145.83,135.95439,1.0
E85003,Urea 10% / Lactic acid 5% cream,Urea,1302010U0,202110,1,100.0,100.0,9.89,9.22844,1.0
E85003,Vitamins capsules,Vitamins caps,0906070T0,202110,2,28.0,56.0,0.86,1.0262,1.0
E85003,Viscotears 2mg/g liquid gel,Carbomer 940/980,1108010B0,202110,7,20.0,140.0,22.26,20.82989,1.0
E85003,Sodium chloride 0.9% eye dps 0.5ml ud preservative free,Sodium chloride,1108010K0,202110,1,20.0,20.0,7.43,6.9360800000000005,1.0
E85003,Fluticasone propionate 50micrograms/dose nasal spray,Fluticasone propionate (Nasal),1202010M0,202110,9,1.0,9.0,60.93,56.88951,1.0
E85003,"Hux D3 20,000unit capsules",Colecalciferol,0906040G0,202110,1,20.0,20.0,2.62,2.45386,1.0
E85003,Emulsifying ointment,Emulsifying wax,1302010F0,202110,1,500.0,500.0,4.15,3.8796,1.0
E85003,"Stexerol-D3 25,000unit tablets",Colecalciferol,0906040G0,202110,22,12.0,264.0,374.0,348.78649,1.0
E85003,Iglu Rapid Relief oromucosal gel,Lidocaine hydrochloride,1203010Q0,202110,1,16.0,16.0,7.44,6.9454,1.0
E85003,Peptac liquid peppermint,Alginic acid compound preparations,0101021B0,202110,1,2000.0,2000.0,7.8,7.28087,1.0
E85003,Paracetamol 500mg tablets,Paracetamol,0407010H0,202110,1,112.0,112.0,3.11,3.01047,1.0
E85003,Promethazine hydrochloride 10mg tablets,Promethazine hydrochloride,0304010W0,202110,1,10.0,10.0,0.71,0.77402,1.0
E85003,Thealoz Duo eye drops preservative free,Eye Products,2130,202110,1,30.0,30.0,26.97,25.14452,1.0
E85003,Pyridoxine 50mg tablets,Pyridoxine hydrochloride,0906024N0,202110,1,300.0,300.0,234.96,219.061,1.0
E85003,"Stexerol-D3 25,000unit tablets",Colecalciferol,0906040G0,202110,1,1.0,1.0,1.42,1.43563,1.0
E85003,Xailin HA 0.2% eye drops,Eye Products,2130,202110,6,10.0,60.0,44.64,41.6724,1.0
E85003,Chlorhexidine gluconate 0.2% mouthwash,Chlorhexidine gluconate,1203040E0,202110,1,300.0,300.0,2.34,2.19294,1.0
E85003,Gaviscon Advance oral suspension aniseed (Reckitt Benckiser),Alginic acid compound preparations,0101021B0,202110,1,150.0,150.0,3.88,3.628,1.0
E85003,"Colecalciferol 20,000unit capsules",Colecalciferol,0906040G0,202110,1,12.0,12.0,13.63,12.81358,1.0
E85003,Docusate 100mg capsules,Docusate sodium,0106020I0,202110,1,56.0,56.0,3.9,3.74663,1.0
E85003,Colecalciferol 800unit capsules,Colecalciferol,0906040G0,202110,1,90.0,90.0,10.8,10.07643,1.0
E85003,Celluvisc 0.5% eye drops 0.4ml unit dose,Carmellose sodium,1108010D0,202110,1,30.0,30.0,4.8,4.4853,1.0
E85003,Gaviscon Infant oral powder sachets,Alginic acid compound preparations,0101021B0,202110,2,30.0,60.0,12.0,11.20706,1.0
E85003,Accrete D3 tablets,Colecalciferol,0906040G0,202110,4,180.0,720.0,35.4,33.03726,1.0
E85003,Cyclizine 50mg tablets,Cyclizine hydrochloride,0406000F0,202110,7,15.0,105.0,6.09,6.4618,1.0
E85003,Capasal Therapeutic shampoo,Coal tar,1309000C0,202110,6,250.0,1500.0,28.14,26.29679,1.0
E85003,Aciclovir 5% cream,Aciclovir,1310030C0,202110,3,10.0,30.0,20.31,18.96317,1.0
E85003,Gaviscon Advance oral suspension aniseed (Reckitt Benckiser),Alginic acid compound preparations,0101021B0,202110,1,1500.0,1500.0,15.36,14.32569,1.0
E85003,Gaviscon Peppermint Liquid Relief,Alginic acid compound preparations,0101021B0,202110,2,600.0,1200.0,14.22,13.27578,1.0
E85003,Dermatonics Once Heel Balm,Emollients,2122,202110,3,200.0,600.0,25.5,23.7995,1.0
E85003,Hylo-Dual eye drops preservative free,Eye Products,2130,202110,1,10.0,10.0,9.95,9.28436,1.0
E85003,Loperamide 2mg tablets,Loperamide hydrochloride,0104020L0,202110,8,28.0,224.0,15.84,15.65978,1.0
E85003,ZeroAQS emollient cream,Emollients,2122,202110,4,500.0,2000.0,13.16,12.31281,1.0
E85003,Thiamine 100mg tablets,Thiamine hydrochloride,0906026M0,202110,6,28.0,168.0,10.2,10.17932,1.0
E85003,"InVita D3 2,400units/ml oral drops",Colecalciferol,0906040G0,202110,3,10.0,30.0,10.8,10.10123,1.0
E85003,Hydrocortisone 0.5% cream,Hydrocortisone,1304000V0,202110,1,15.0,15.0,1.28,1.20517,1.0
E85003,Viscotears 2mg/g liquid gel,Carbomer 940/980,1108010B0,202110,7,10.0,70.0,11.13,10.45834,1.0
E85003,Thiamine 100mg tablets,Thiamine hydrochloride,0906026M0,202110,13,21.0,273.0,16.51,16.84612,1.0
E85003,Hydrocortisone 1% cream,Hydrocortisone,1304000V0,202110,11,30.0,330.0,30.8,28.83753,1.0
E85003,Difflam 0.15% spray,Benzydamine hydrochloride,1203010E0,202110,1,30.0,30.0,4.24,3.96346,1.0
E85003,Ibuprofen 400mg tablets,Ibuprofen,1001010J0,202110,1,56.0,56.0,2.73,2.6563600000000003,1.0
E85003,"InVita D3 25,000units/1ml oral solution",Colecalciferol,0906040G0,202110,3,12.0,36.0,53.4,49.79825,1.0
E85003,Vitamin B compound strong tablets,Vitamin B compound,0906027G0,202110,4,7.0,28.0,1.3599999999999999,1.71692,1.0
E85003,"Hux D3 20,000unit capsules",Colecalciferol,0906040G0,202110,1,24.0,24.0,3.14,3.03842,1.0
E85003,Hypromellose 0.3% eye drops,Hypromellose,1108010F0,202110,2,60.0,120.0,12.6,11.76617,1.0
E85003,Thiamine 100mg tablets,Thiamine hydrochloride,0906026M0,202110,27,14.0,378.0,22.95,24.42087,1.0
E85003,Xailin Night eye ointment preservative free,Eye Products,2130,202110,15,5.0,75.0,39.0,36.52834,1.0
E85003,Ibuprofen 5% gel,Ibuprofen,1003020P0,202110,13,100.0,1300.0,36.66,34.323,1.0
E85003,Eumovate 0.05% ointment,Clobetasone butyrate,1304000H0,202110,5,100.0,500.0,27.2,25.40845,1.0
E85003,Sunsense ultra lotion SPF 50+,Other sunscreening preparations,130801000,202110,1,125.0,125.0,8.26,7.70952,1.0
E85003,Diclofenac diethylammonium 1.16% gel,Diclofenac diethyl,1003020AF,202110,10,100.0,1000.0,46.3,43.26888,1.0
E85003,Neutrogena T/Gel Therapeutic shampoo,Coal tar,1309000C0,202110,2,250.0,500.0,12.36,11.54253,1.0
E85003,Salactol paint,Salicylic acid,1307000M0,202110,1,10.0,10.0,1.71,1.60587,1.0
E85003,Optive 0.5% eye drops,Eye Products,2130,202110,3,20.0,60.0,44.94,41.91475,1.0
E85003,Opticrom Allergy 2% eye drops,Sodium cromoglicate,1104020T0,202110,1,20.0,20.0,6.7,6.25583,1.0
E85003,Hypromellose 0.3% eye drops,Hypromellose,1108010F0,202110,3,30.0,90.0,9.45,8.84323,1.0
E85003,"OsteoCaps D3 20,000unit capsules",Colecalciferol,0906040G0,202110,12,2.0,24.0,3.24,4.36801,1.0
E85003,Doublebase emollient shower gel,Other emollient preparations,130201000,202110,1,400.0,400.0,10.42,9.72233,1.0
E85003,Co-codamol 8mg/500mg tablets,Co-codamol (Codeine phosphate/paracetamol),0407010F0,202110,7,112.0,784.0,32.9,31.44482,1.0
E85003,Aspirin 300mg dispersible tablets,Aspirin,0407010B0,202110,1,32.0,32.0,1.13,1.0654,1.0
E85003,Glycerol 2g suppositories,Glycerol,0106020L0,202110,2,12.0,24.0,6.26,5.85821,1.0
E85003,Hylo-Forte 0.2% eye drops preservative free,Eye Products,2130,202110,5,10.0,50.0,47.5,44.3251,1.0
E85003,Epimax ointment,Emollients,2122,202110,10,500.0,5000.0,29.9,27.98646,1.0
E85003,Adapalene 0.1% / Benzoyl peroxide 2.5% gel,Adapalene and benzoyl peroxide,1306010Z0,202110,1,90.0,90.0,39.06,36.41065,1.0
E85003,Cetirizine 10mg tablets,Cetirizine hydrochloride,0304010I0,202110,1,180.0,180.0,5.88,5.49171,1.0
E85003,Clotrimazole 1% cream,Clotrimazole,1310020H0,202110,2,20.0,40.0,2.7199999999999998,2.55945,1.0
E85003,KliarVax Sodium Bicarbonate ear drops,Other Appliances,2101,202110,2,10.0,20.0,1.94,1.8326,1.0
E85003,Epimax oatmeal cream,Emollients,2122,202110,6,500.0,3000.0,24.9,23.27758,1.0
E85003,Loratadine 10mg tablets,Loratadine,0304010D0,202110,5,30.0,150.0,5.25,4.95424,1.0
E85003,Cetirizine 1mg/ml oral solution sugar free,Cetirizine hydrochloride,0304010I0,202110,6,200.0,1200.0,73.74,68.78937,1.0
E85003,Olive oil ear drops (Alissa),Other Appliances,2101,202110,2,10.0,20.0,2.84,2.67127,1.0
E85003,AquaDerm Cetomacrogol cream (Formula A),Emollients,2122,202110,1,500.0,500.0,2.99,2.7986500000000003,1.0
E85003,Clobetasone 0.05% cream,Clobetasone butyrate,1304000H0,202110,1,60.0,60.0,3.7199999999999998,3.4789,1.0
E85003,Gaviscon Double Action chewable tablets mint,Alginic acid compound preparations,0101021B0,202110,1,48.0,48.0,5.49,5.12828,1.0
E85003,Clobetasone 0.05% ointment,Clobetasone butyrate,1304000H0,202110,1,30.0,30.0,1.8599999999999999,1.74565,1.0
E85003,Diprobase cream,Emollients,2122,202110,1,1000.0,1000.0,12.64,11.79104,1.0
E85003,"Hux D3 3,200unit capsules",Colecalciferol,0906040G0,202110,8,1.0,8.0,2.4,3.13565,1.0
E85003,Vitamin B compound strong tablets,Vitamin B compound,0906027G0,202110,6,56.0,336.0,16.2,15.17045,1.0
E85003,Viscotears 2mg/g liquid gel,Carbomer 940/980,1108010B0,202110,2,30.0,60.0,9.54,8.91469,1.0
E85003,Simple linctus paediatric,Simple,0309020D0,202110,1,200.0,200.0,1.05,0.9908500000000001,1.0
E85003,Ibuprofen 400mg tablets,Ibuprofen,1001010J0,202110,1,24.0,24.0,1.17,1.10267,1.0
E85003,Paracetamol 500mg tablets,Paracetamol,0407010H0,202110,7,42.0,294.0,8.19,8.41869,1.0
E85003,Senna 7.5mg tablets,Senna,0106020M0,202110,1,150.0,150.0,7.68,7.26904,1.0
E85003,Ketoconazole 2% shampoo,Ketoconazole,1309000I0,202110,2,240.0,480.0,27.72,25.85582,1.0
E85003,Peptac liquid aniseed,Alginic acid compound preparations,0101021B0,202110,4,500.0,2000.0,7.8,7.31807,1.0
E85003,Otex 5% ear drops,Urea hydrogen peroxide,1201030N0,202110,1,8.0,8.0,2.89,2.70546,1.0
E85003,Systane eye drops 0.8ml unit dose preservative free,Eye Products,2130,202110,1,112.0,112.0,18.64,17.38217,1.0
E85003,Paracetamol 500mg tablets,Paracetamol,0407010H0,202110,4,14.0,56.0,1.56,1.9032900000000001,1.0
E85003,Folic acid 400microgram tablets,Folic acid,0901020G0,202110,4,90.0,360.0,14.08,13.17012,1.0
E85003,Lidocaine 2% cream,Lidocaine,1303000N0,202110,1,30.0,30.0,2.99,2.7986500000000003,1.0
E85003,"OsteoCaps D3 1,000unit capsules",Colecalciferol,0906040G0,202110,2,200.0,400.0,15.4,14.37536,1.0
E85003,Hyoscine 1mg/72hours transdermal patches,Hyoscine,0406000A0,202110,1,2.0,2.0,12.87,12.00537,1.0
E85003,Ibuprofen 200mg tablets,Ibuprofen,1001010J0,202110,1,168.0,168.0,7.64,7.13177,1.0
E85003,Sudocrem antiseptic healing cream,Zinc oxide,1302020E0,202110,1,60.0,60.0,1.45,1.36359,1.0
E85003,Forceval capsules,Other multivitamin preparations,090607000,202110,3,30.0,90.0,29.76,27.7692,1.0
E85003,Opticrom Allergy 2% eye drops,Sodium cromoglicate,1104020T0,202110,1,40.0,40.0,13.4,12.49925,1.0
E85003,Epaderm ointment,Emollients,2122,202110,1,125.0,125.0,3.88,3.628,1.0
E85003,Ispaghula husk 3.5g efferv gran sach gluten free sugar free,Ispaghula husk,0106010E0,202110,1,30.0,30.0,3.24,3.03161,1.0
E85003,Cetomacrogol cream (Formula A),Cetomacrogol,1301010D0,202110,3,500.0,1500.0,10.08,9.4303,1.0
E85003,Hydromol Intensive 10% cream,Emollients,2122,202110,2,100.0,200.0,8.9,8.31831,1.0
E85003,Dermol 500 lotion,Other emollient preparations,130201000,202110,26,500.0,13000.0,157.04,146.66088,1.0
E85003,Acetylcysteine 5% eye drops,Acetylcysteine,1108010C0,202110,1,20.0,20.0,72.94,67.98189,1.0
E85003,Acidex Advance oral suspension peppermint,Alginic acid compound preparations,0101021B0,202110,1,300.0,300.0,2.3,2.25567,1.0
E85003,Epimax isomol gel,Emollients,2122,202110,1,1000.0,1000.0,5.84,5.45443,1.0
E85003,Loperamide 2mg capsules,Loperamide hydrochloride,0104020L0,202110,1,56.0,56.0,2.46,2.40476,1.0
E85003,Loperamide 2mg capsules,Loperamide hydrochloride,0104020L0,202110,2,120.0,240.0,10.56,9.86519,1.0
E85003,Colecalciferol 800unit capsules,Colecalciferol,0906040G0,202110,1,60.0,60.0,7.2,6.72175,1.0
E85003,Epaderm cream,Emollients,2122,202110,1,3000.0,3000.0,42.06,39.20621,1.0
E85003,"Colecalciferol 40,000unit capsules",Colecalciferol,0906040G0,202110,16,7.0,112.0,168.0,158.35001,1.0
E85003,Loperamide 2mg capsules,Loperamide hydrochloride,0104020L0,202110,3,240.0,720.0,31.68,29.55836,1.0
E85003,Dermol 500 lotion,Other emollient preparations,130201000,202110,2,1000.0,2000.0,24.16,22.53841,1.0
E85003,Cetraben cream,Emollients,2122,202110,3,1000.0,3000.0,35.94,33.52806,1.0
E85003,Codeine 15mg/5ml linctus sugar free,Codeine phosphate,0309010C0,202110,1,200.0,200.0,1.6800000000000002,1.5779200000000002,1.0
E85003,Flexitol 25% Urea Heel Balm,Emollients,2122,202110,1,200.0,200.0,9.4,8.771840000000001,1.0
E85003,Vitamins capsules,Vitamins caps,0906070T0,202110,7,7.0,49.0,0.77,1.50433,1.0
E85003,VisuXL Gel eye drops preservative free,Eye Products,2130,202110,1,10.0,10.0,7.49,6.99199,1.0
E85003,Zerocream,Emollients,2122,202110,1,1000.0,1000.0,8.16,7.61634,1.0
E85003,Sudocrem antiseptic healing cream,Zinc oxide,1302020E0,202110,1,125.0,125.0,2.15,2.01589,1.0
E85003,Forceval capsules,Other multivitamin preparations,090607000,202110,1,28.0,28.0,9.26,8.74138,1.0
E85003,Ibuprofen 10% gel,Ibuprofen,1003020P0,202110,1,200.0,200.0,11.58,10.80328,1.0
E85003,Thiamine 100mg tablets,Thiamine hydrochloride,0906026M0,202110,1,100.0,100.0,6.06,5.65944,1.0
E85003,"Pro D3 2,000units/ml liquid drops",Colecalciferol,0906040G0,202110,1,20.0,20.0,9.8,9.14458,1.0
E85003,Paracetamol 500mg tablets,Paracetamol,0407010H0,202110,1,50.0,50.0,1.3900000000000001,1.40768,1.0
E85003,Pyridoxine 50mg tablets,Pyridoxine hydrochloride,0906024N0,202110,4,1.0,4.0,3.12,3.35699,1.0
E85003,Vitamin B compound strong tablets,Vitamin B compound,0906027G0,202110,9,21.0,189.0,9.09,9.48216,1.0
E85003,Fultium-D3 800unit capsules,Colecalciferol,0906040G0,202110,4,7.0,28.0,3.36,3.58063,1.0
E85003,Hydrocortisone 1% cream,Hydrocortisone,1304000V0,202110,4,15.0,60.0,5.6,5.26799,1.0
E85003,Ibuprofen 400mg tablets,Ibuprofen,1001010J0,202110,1,100.0,100.0,4.88,4.6598500000000005,1.0
E85003,Senna 7.5mg/5ml oral solution sugar free,Senna,0106020M0,202110,3,500.0,1500.0,20.97,19.5782,1.0
E85003,Forceval capsules,Other multivitamin preparations,090607000,202110,1,60.0,60.0,19.84,18.5004,1.0
E85003,"Hux D3 20,000unit capsules",Colecalciferol,0906040G0,202110,4,3.0,12.0,1.56,1.9032900000000001,1.0
E85003,Hypromellose 0.3% eye drops,Hypromellose,1108010F0,202110,1,40.0,40.0,4.2,3.92619,1.0
E85003,Voltarol 1.16% Emulgel,Diclofenac diethyl,1003020AF,202110,13,100.0,1300.0,60.19,56.24954,1.0
E85003,Eumovate 0.05% ointment,Clobetasone butyrate,1304000H0,202110,3,30.0,90.0,5.58,5.23695,1.0
E85003,Paracetamol 120mg/5ml oral suspension paediatric sugar free,Paracetamol,0407010H0,202110,1,100.0,100.0,1.63,1.53132,1.0
E85003,Benzydamine 0.15% mouthwash sugar free,Benzydamine hydrochloride,1203010E0,202110,3,300.0,900.0,17.13,15.99987,1.0
E85003,Flexitol 10% Urea cream,Emollients,2122,202110,6,500.0,3000.0,70.62,65.88199,1.0
E85003,Epimax oatmeal cream,Emollients,2122,202110,2,1000.0,2000.0,11.96,11.16978,1.0
E85003,Clinitas Multi 0.2% eye drops preservative free,Eye Products,2130,202110,2,20.0,40.0,23.96,22.35204,1.0
E85003,Loperamide 2mg tablets,Loperamide hydrochloride,0104020L0,202110,8,56.0,448.0,31.68,30.42036,1.0
E85003,Chloramphenicol 1% eye ointment,Chloramphenicol,1103010C0,202110,5,4.0,20.0,10.45,9.79988,1.0
E85003,Bisacodyl 5mg gastro-resistant tablets,Bisacodyl,0106020C0,202110,6,60.0,360.0,19.14,17.9101,1.0
E85003,Azelastine 140micrograms/dose nasal spray,Azelastine hydrochloride,1202010A0,202110,2,22.0,44.0,21.0,19.59375,1.0
E85003,Alphosyl 2 in 1 shampoo,Coal tar,1309000C0,202110,2,250.0,500.0,11.62,10.85295,1.0
E85003,Loratadine 10mg tablets,Loratadine,0304010D0,202110,1,240.0,240.0,8.4,7.83998,1.0
E85003,Carmellose 0.5% eye drops 0.4ml unit dose preservative free,Carmellose sodium,1108010D0,202110,1,30.0,30.0,4.8,4.4853,1.0
E85003,Carbomer '980' 0.2% eye drops,Carbomer 940/980,1108010B0,202110,1,10.0,10.0,2.8,2.6215900000000003,1.0
E85003,Epimax isomol gel,Emollients,2122,202110,13,500.0,6500.0,37.96,35.53441,1.0
E85003,Hydromol ointment,Emollients,2122,202110,2,1000.0,2000.0,19.84,18.5128,1.0
E85003,Gaviscon Infant oral powder sachets,Alginic acid compound preparations,0101021B0,202110,2,120.0,240.0,48.0,44.75383,1.0
E85003,Carmize 0.5% eye drops,Eye Products,2130,202110,1,10.0,10.0,7.49,6.99199,1.0
E85003,Cetirizine 10mg tablets,Cetirizine hydrochloride,0304010I0,202110,1,56.0,56.0,1.83,1.81769,1.0
E85003,Co-codamol 8mg/500mg tablets,Co-codamol (Codeine phosphate/paracetamol),0407010F0,202110,2,30.0,60.0,2.52,2.3730700000000002,1.0
E85003,Ibuprofen 5% gel,Ibuprofen,1003020P0,202110,1,300.0,300.0,8.46,7.89589,1.0
E85003,Hypromellose 0.3% eye drops,Hypromellose,1108010F0,202110,23,10.0,230.0,24.15,22.78949,1.0
E85003,"OsteoCaps D3 20,000unit capsules",Colecalciferol,0906040G0,202110,3,12.0,36.0,4.8,4.8101,1.0
E85003,Hydrocortisone 0.1% cream,Hydrocortisone,1304000V0,202110,1,15.0,15.0,2.83,2.64955,1.0
E85003,Promethazine hydrochloride 25mg tablets,Promethazine hydrochloride,0304010W0,202110,3,84.0,252.0,26.37,24.91021,1.0
E85003,Paracetamol 500mg soluble tablets,Paracetamol,0407010H0,202110,9,100.0,900.0,73.89,68.96635,1.0
E85003,Promethazine hydrochloride 25mg tablets,Promethazine hydrochloride,0304010W0,202110,6,28.0,168.0,17.58,17.05641,1.0
E85003,Fluticasone propionate 50micrograms/dose nasal spray,Fluticasone propionate (Nasal),1202010M0,202110,2,2.0,4.0,27.08,25.25943,1.0
E85003,Peptac liquid peppermint,Alginic acid compound preparations,0101021B0,202110,12,500.0,6000.0,23.4,21.9542,1.0
E85003,Thiamine 50mg tablets,Thiamine hydrochloride,0906026M0,202110,2,30.0,60.0,2.5,2.55444,1.0
E85003,Promethazine hydrochloride 25mg tablets,Promethazine hydrochloride,0304010W0,202110,1,20.0,20.0,2.09,2.05998,1.0
E85003,Ibuprofen 100mg/5ml oral suspension sugar free,Ibuprofen,1001010J0,202110,3,100.0,300.0,4.65,4.37032,1.0
E85003,Thiamine 100mg tablets,Thiamine hydrochloride,0906026M0,202110,1,200.0,200.0,12.12,11.30648,1.0
E85003,Dermol cream,Other emollient preparations,130201000,202110,3,500.0,1500.0,19.89,18.57179,1.0
E85003,Corsodyl 1% dental gel,Chlorhexidine gluconate,1203040E0,202110,1,50.0,50.0,2.23,2.09044,1.0
E85003,Celluvisc 0.5% eye drops 0.4ml unit dose,Carmellose sodium,1108010D0,202110,1,120.0,120.0,19.2,17.90401,1.0
E85003,Co-codamol 8mg/500mg capsules,Co-codamol (Codeine phosphate/paracetamol),0407010F0,202110,1,112.0,112.0,26.45,24.75996,1.0
E85003,Centrum Advance tablets,Other compound vitamin/mineral formulation preparations,091000000,202110,1,60.0,60.0,6.26,5.84581,1.0
E85003,Fybogel 3.5g effervescent granules sachets plain SF,Ispaghula husk,0106010E0,202110,1,30.0,30.0,3.24,3.03161,1.0
E85003,Co-codamol 8mg/500mg effervescent tablets,Co-codamol (Codeine phosphate/paracetamol),0407010F0,202110,2,100.0,200.0,10.62,9.9211,1.0
E85003,Co-codamol 8mg/500mg tablets,Co-codamol (Codeine phosphate/paracetamol),0407010F0,202110,7,100.0,700.0,29.4,27.48333,1.0
E85003,Epimax excetra cream,Emollients,2122,202110,1,1000.0,1000.0,5.9,5.51034,1.0
E85003,Gaviscon Infant oral powder sachets,Alginic acid compound preparations,0101021B0,202110,1,60.0,60.0,12.0,11.19466,1.0
E85003,Accrete D3 tablets,Colecalciferol,0906040G0,202110,1,60.0,60.0,2.95,2.7613700000000003,1.0
E85003,Olive oil ear drops (St Georges),Other Appliances,2101,202110,2,10.0,20.0,2.8,2.63399,1.0
E85003,Cetirizine 10mg tablets,Cetirizine hydrochloride,0304010I0,202110,4,90.0,360.0,11.76,11.00821,1.0
E85003,Cetraben cream,Emollients,2122,202110,5,500.0,2500.0,29.95,27.97105,1.0
E85003,Aquamax cream,Emollients,2122,202110,1,500.0,500.0,3.99,3.7305,1.0
E85003,Co-codamol 8mg/500mg tablets,Co-codamol (Codeine phosphate/paracetamol),0407010F0,202110,3,32.0,96.0,4.02,4.08326,1.0
E85003,Promethazine hydrochloride 10mg tablets,Promethazine hydrochloride,0304010W0,202110,4,56.0,224.0,15.8,14.77291,1.0
E85003,Voltarol 1.16% Emulgel P,Diclofenac diethyl,1003020AF,202110,1,100.0,100.0,9.94,9.27504,1.0
E85003,Voltarol 12 Hour Emulgel P 2.32% gel,Diclofenac diethyl,1003020AF,202110,4,100.0,400.0,44.84,41.83397,1.0
E85003,Oilatum Junior cream,Other emollient preparations,130201000,202110,1,450.0,450.0,9.18,8.56683,1.0
E85003,Oilatum cream,Other emollient preparations,130201000,202110,2,500.0,1000.0,10.56,9.86519,1.0
E85003,"OsteoCaps D3 20,000unit capsules",Colecalciferol,0906040G0,202110,54,1.0,54.0,7.02,12.61122,1.0
E85003,Systane eye drops,Eye Products,2130,202110,1,10.0,10.0,4.66,4.35484,1.0
E85003,Optrex Allergy 2% eye drops,Sodium cromoglicate,1104020T0,202110,1,10.0,10.0,3.88,3.628,1.0
E85003,Eumovate 0.05% cream,Clobetasone butyrate,1304000H0,202110,8,100.0,800.0,43.52,40.65352,1.0
E85003,Senna 7.5mg tablets,Senna,0106020M0,202110,25,60.0,1500.0,76.75,71.82986,1.0
E85003,Thealoz Duo UD eye drops 0.4ml unit dose preservative free,Eye Products,2130,202110,1,30.0,30.0,7.07,6.60061,1.0
E85003,Senna 7.5mg tablets,Senna,0106020M0,202110,3,120.0,360.0,18.42,17.20197,1.0
E85003,Ibuprofen 400mg tablets,Ibuprofen,1001010J0,202110,2,84.0,168.0,8.2,7.66601,1.0
E85003,Paracetamol 500mg tablets,Paracetamol,0407010H0,202110,4,28.0,112.0,3.12,3.35699,1.0
E85003,InVita D3 400unit capsules,Colecalciferol,0906040G0,202110,1,84.0,84.0,5.55,5.18419,1.0
E85003,GlucoRx Allpresan diabetic foam cream Basic,Emollients,2122,202110,1,300.0,300.0,9.75,9.09798,1.0
E85003,Calamine lotion,Calamine,1303000D0,202110,2,200.0,400.0,2.18,2.05624,1.0
E85003,Epaderm ointment,Emollients,2122,202110,2,500.0,1000.0,13.16,12.28801,1.0
E85003,Epimax excetra cream,Emollients,2122,202110,13,500.0,6500.0,38.35,35.89783,1.0
E85003,Colecalciferol 800unit capsules,Colecalciferol,0906040G0,202110,1,84.0,84.0,10.08,9.5055,1.0
E85003,Gaviscon Advance oral suspension aniseed (Reckitt Benckiser),Alginic acid compound preparations,0101021B0,202110,1,500.0,500.0,5.12,4.7835,1.0
E85003,Benzoyl peroxide 5% gel,Benzoyl peroxide,1306010C0,202110,2,60.0,120.0,21.36,19.92922,1.0
E85003,Cetraben lotion,Emollients,2122,202110,17,500.0,8500.0,95.88,89.55704,1.0
E85003,Balneum cream,Emollients,2122,202110,1,500.0,500.0,9.97,9.30299,1.0
E85003,Anusol suppositories,Zinc oxide,0107010Z0,202110,1,24.0,24.0,4.52,4.22438,1.0
E85003,Docusate 100mg capsules,Docusate sodium,0106020I0,202110,4,28.0,112.0,7.8,7.71807,1.0
E85003,Loperamide 2mg capsules,Loperamide hydrochloride,0104020L0,202110,1,90.0,90.0,3.96,3.70255,1.0
E85003,Glycerol 1g suppositories,Glycerol,0106020L0,202110,1,6.0,6.0,1.29,1.3144900000000002,1.0
E85003,Sodium cromoglicate 2% eye drops,Sodium cromoglicate,1104020T0,202110,1,13.5,13.5,9.09,8.48296,1.0
E85003,Selenium sulfide 2.5% shampoo,Selenium sulfide,1309000S0,202110,1,150.0,150.0,3.06,2.86388,1.0
E85003,Oilatum Junior cream,Other emollient preparations,130201000,202110,4,150.0,600.0,12.24,11.4555,1.0
E85003,Vitamins capsules,Vitamins caps,0906070T0,202110,2,56.0,112.0,1.74,1.84623,1.0
E85003,Fultium-D3 800unit capsules,Colecalciferol,0906040G0,202110,1,90.0,90.0,8.85,8.25931,1.0
E85003,"InVita D3 25,000units/1ml oral solution",Colecalciferol,0906040G0,202110,7,3.0,21.0,31.15,29.11408,1.0
E85003,Ibuprofen 10% gel,Ibuprofen,1003020P0,202110,6,100.0,600.0,34.74,32.44704,1.0
E85003,Paracetamol 500mg soluble tablets,Paracetamol,0407010H0,202110,1,90.0,90.0,7.39,6.99881,1.0
E85003,Thealoz Duo eye drops preservative free,Eye Products,2130,202110,1,10.0,10.0,8.99,8.38977,1.0
E85003,Vitamin B compound strong tablets,Vitamin B compound,0906027G0,202110,4,28.0,112.0,5.4,5.08162,1.0
E85003,"Hux D3 20,000unit capsules",Colecalciferol,0906040G0,202110,1,6.0,6.0,0.79,0.84857,1.0
E85003,Thiamine 50mg tablets,Thiamine hydrochloride,0906026M0,202110,3,28.0,84.0,3.48,3.58005,1.0
E85003,Centrum Advance tablets,Other compound vitamin/mineral formulation preparations,091000000,202110,1,30.0,30.0,3.13,2.92911,1.0
E85003,Docusate 100mg capsules,Docusate sodium,0106020I0,202110,8,100.0,800.0,55.76,52.85942,1.0
E85003,Co-codamol 8mg/500mg effervescent tablets,Co-codamol (Codeine phosphate/paracetamol),0407010F0,202110,1,32.0,32.0,1.7000000000000002,1.5965500000000001,1.0
E85003,Gaviscon Advance oral susp peppermint (Reckitt Benckiser),Alginic acid compound preparations,0101021B0,202110,6,500.0,3000.0,30.72,28.70098,1.0
E85003,Adapalene 0.1% / Benzoyl peroxide 2.5% gel,Adapalene and benzoyl peroxide,1306010Z0,202110,2,45.0,90.0,39.06,36.42305,1.0
E85003,Hydromoor 0.3% eye drops 0.4ml unit dose preservative free,Eye Products,2130,202110,1,120.0,120.0,23.0,21.44506,1.0
E85003,Loratadine 10mg tablets,Loratadine,0304010D0,202110,1,60.0,60.0,2.1,1.9693,1.0
E85003,Centrum Advance 50+ tablets,Other compound vitamin/mineral formulation preparations,091000000,202110,3,7.0,21.0,2.22,2.40592,1.0
E85003,Docusate 100mg capsules,Docusate sodium,0106020I0,202110,1,112.0,112.0,7.8,7.38087,1.0
E85003,Anusol cream,Zinc oxide,0107010Z0,202110,1,43.0,43.0,3.69,3.45094,1.0
E85003,Chloramphenicol 0.5% eye drops,Chloramphenicol,1103010C0,202110,9,10.0,90.0,66.15,61.75379,1.0
